
/*!40101 SET @OLD_CHARACTER_SET_CLIENT=@@CHARACTER_SET_CLIENT */;
/*!40101 SET @OLD_CHARACTER_SET_RESULTS=@@CHARACTER_SET_RESULTS */;
/*!40101 SET @OLD_COLLATION_CONNECTION=@@COLLATION_CONNECTION */;
/*!40101 SET NAMES utf8mb4 */;
/*!40103 SET @OLD_TIME_ZONE=@@TIME_ZONE */;
/*!40103 SET TIME_ZONE='+00:00' */;
/*!40014 SET @OLD_UNIQUE_CHECKS=@@UNIQUE_CHECKS, UNIQUE_CHECKS=0 */;
/*!40014 SET @OLD_FOREIGN_KEY_CHECKS=@@FOREIGN_KEY_CHECKS, FOREIGN_KEY_CHECKS=0 */;
/*!40101 SET @OLD_SQL_MODE=@@SQL_MODE, SQL_MODE='NO_AUTO_VALUE_ON_ZERO' */;
/*!40111 SET @OLD_SQL_NOTES=@@SQL_NOTES, SQL_NOTES=0 */;
/*!50717 SELECT COUNT(*) INTO @rocksdb_has_p_s_session_variables FROM INFORMATION_SCHEMA.TABLES WHERE TABLE_SCHEMA = 'performance_schema' AND TABLE_NAME = 'session_variables' */;
/*!50717 SET @rocksdb_get_is_supported = IF (@rocksdb_has_p_s_session_variables, 'SELECT COUNT(*) INTO @rocksdb_is_supported FROM performance_schema.session_variables WHERE VARIABLE_NAME=\'rocksdb_bulk_load\'', 'SELECT 0') */;
/*!50717 PREPARE s FROM @rocksdb_get_is_supported */;
/*!50717 EXECUTE s */;
/*!50717 DEALLOCATE PREPARE s */;
/*!50717 SET @rocksdb_enable_bulk_load = IF (@rocksdb_is_supported, 'SET SESSION rocksdb_bulk_load = 1', 'SET @rocksdb_dummy_bulk_load = 0') */;
/*!50717 PREPARE s FROM @rocksdb_enable_bulk_load */;
/*!50717 EXECUTE s */;
/*!50717 DEALLOCATE PREPARE s */;
DROP TABLE IF EXISTS `admin_menu`;
/*!40101 SET @saved_cs_client     = @@character_set_client */;
/*!40101 SET character_set_client = utf8 */;
CREATE TABLE `admin_menu` (
  `id` int(3) NOT NULL AUTO_INCREMENT,
  `title` varchar(255) CHARACTER SET utf8 DEFAULT NULL,
  `sub` int(3) DEFAULT NULL,
  PRIMARY KEY (`id`) USING BTREE
) ENGINE=InnoDB AUTO_INCREMENT=28 DEFAULT CHARSET=cp1251 ROW_FORMAT=COMPACT;
/*!40101 SET character_set_client = @saved_cs_client */;
DROP TABLE IF EXISTS `admin_users`;
/*!40101 SET @saved_cs_client     = @@character_set_client */;
/*!40101 SET character_set_client = utf8 */;
CREATE TABLE `admin_users` (
  `id` int(3) NOT NULL AUTO_INCREMENT,
  `login` varchar(255) DEFAULT NULL,
  `password` varchar(255) DEFAULT NULL,
  `access` varchar(255) DEFAULT NULL,
  PRIMARY KEY (`id`) USING BTREE
) ENGINE=InnoDB AUTO_INCREMENT=4 DEFAULT CHARSET=cp1251 ROW_FORMAT=COMPACT;
/*!40101 SET character_set_client = @saved_cs_client */;
DROP TABLE IF EXISTS `builder_menu`;
/*!40101 SET @saved_cs_client     = @@character_set_client */;
/*!40101 SET character_set_client = utf8 */;
CREATE TABLE `builder_menu` (
  `id` int(11) NOT NULL AUTO_INCREMENT,
  `name` varchar(255) NOT NULL,
  `description` text NOT NULL,
  `price` decimal(10,2) NOT NULL,
  `price_big` decimal(10,2) DEFAULT NULL,
  `category` varchar(255) NOT NULL,
  `category_sub` int(11) NOT NULL,
  `image` varchar(255) NOT NULL,
  `sort_id` int(11) NOT NULL,
  `created_at` timestamp NOT NULL DEFAULT CURRENT_TIMESTAMP ON UPDATE CURRENT_TIMESTAMP,
  `is_base` tinyint(1) NOT NULL DEFAULT '0',
  PRIMARY KEY (`id`)
) ENGINE=InnoDB AUTO_INCREMENT=189 DEFAULT CHARSET=utf8;
/*!40101 SET character_set_client = @saved_cs_client */;
DROP TABLE IF EXISTS `builder_menu_base`;
/*!40101 SET @saved_cs_client     = @@character_set_client */;
/*!40101 SET character_set_client = utf8 */;
CREATE TABLE `builder_menu_base` (
  `id` int(11) NOT NULL AUTO_INCREMENT,
  `name` varchar(255) NOT NULL,
  `description` text NOT NULL,
  `price` decimal(10,2) NOT NULL,
  `price_big` decimal(10,2) DEFAULT NULL,
  `image` varchar(255) NOT NULL,
  `sort_id` int(11) NOT NULL,
  `created_at` timestamp NOT NULL DEFAULT CURRENT_TIMESTAMP ON UPDATE CURRENT_TIMESTAMP,
  PRIMARY KEY (`id`)
) ENGINE=InnoDB AUTO_INCREMENT=10 DEFAULT CHARSET=utf8;
/*!40101 SET character_set_client = @saved_cs_client */;
DROP TABLE IF EXISTS `builder_menu_product`;
/*!40101 SET @saved_cs_client     = @@character_set_client */;
/*!40101 SET character_set_client = utf8 */;
CREATE TABLE `builder_menu_product` (
  `id` int(11) NOT NULL AUTO_INCREMENT,
  `name` varchar(255) NOT NULL,
  `description` text NOT NULL,
  `category` varchar(255) NOT NULL,
  `product_base_id` int(11) NOT NULL,
  `image` varchar(255) NOT NULL,
  `sort_id` int(11) NOT NULL,
  `created_at` timestamp NOT NULL DEFAULT CURRENT_TIMESTAMP ON UPDATE CURRENT_TIMESTAMP,
  PRIMARY KEY (`id`),
  KEY `idx_product_base` (`product_base_id`),
  CONSTRAINT `fk_menu_to_base` FOREIGN KEY (`product_base_id`) REFERENCES `builder_menu_base` (`id`) ON UPDATE CASCADE
) ENGINE=InnoDB AUTO_INCREMENT=5409 DEFAULT CHARSET=utf8;
/*!40101 SET character_set_client = @saved_cs_client */;
DROP TABLE IF EXISTS `category`;
/*!40101 SET @saved_cs_client     = @@character_set_client */;
/*!40101 SET character_set_client = utf8 */;
CREATE TABLE `category` (
  `id` int(11) NOT NULL AUTO_INCREMENT,
  `name` varchar(255) NOT NULL,
  PRIMARY KEY (`id`)
) ENGINE=InnoDB DEFAULT CHARSET=utf8;
/*!40101 SET character_set_client = @saved_cs_client */;
DROP TABLE IF EXISTS `category_details`;
/*!40101 SET @saved_cs_client     = @@character_set_client */;
/*!40101 SET character_set_client = utf8 */;
CREATE TABLE `category_details` (
  `id` int(11) NOT NULL AUTO_INCREMENT,
  `category` varchar(255) NOT NULL,
  `image` varchar(255) NOT NULL,
  `title` varchar(255) NOT NULL,
  `description` varchar(255) NOT NULL,
  PRIMARY KEY (`id`)
) ENGINE=InnoDB AUTO_INCREMENT=2 DEFAULT CHARSET=utf8;
/*!40101 SET character_set_client = @saved_cs_client */;
DROP TABLE IF EXISTS `content`;
/*!40101 SET @saved_cs_client     = @@character_set_client */;
/*!40101 SET character_set_client = utf8 */;
CREATE TABLE `content` (
  `id` int(11) NOT NULL AUTO_INCREMENT,
  `type` varchar(255) DEFAULT NULL,
  `title` varchar(255) DEFAULT NULL,
  `text` text,
  `menu_id` int(3) DEFAULT NULL,
  `comments` varchar(255) DEFAULT NULL,
  PRIMARY KEY (`id`) USING BTREE
) ENGINE=InnoDB AUTO_INCREMENT=2 DEFAULT CHARSET=cp1251 ROW_FORMAT=COMPACT;
/*!40101 SET character_set_client = @saved_cs_client */;
DROP TABLE IF EXISTS `gallery`;
/*!40101 SET @saved_cs_client     = @@character_set_client */;
/*!40101 SET character_set_client = utf8 */;
CREATE TABLE `gallery` (
  `id` int(11) NOT NULL AUTO_INCREMENT,
  `img` varchar(255) DEFAULT NULL,
  PRIMARY KEY (`id`)
) ENGINE=InnoDB AUTO_INCREMENT=18 DEFAULT CHARSET=cp1251;
/*!40101 SET character_set_client = @saved_cs_client */;
DROP TABLE IF EXISTS `lang`;
/*!40101 SET @saved_cs_client     = @@character_set_client */;
/*!40101 SET character_set_client = utf8 */;
CREATE TABLE `lang` (
  `id` int(3) NOT NULL AUTO_INCREMENT,
  `title` varchar(255) DEFAULT NULL,
  `item` varchar(255) DEFAULT NULL,
  PRIMARY KEY (`id`) USING BTREE
) ENGINE=InnoDB AUTO_INCREMENT=39 DEFAULT CHARSET=cp1251 ROW_FORMAT=COMPACT;
/*!40101 SET character_set_client = @saved_cs_client */;
DROP TABLE IF EXISTS `menu_items`;
/*!40101 SET @saved_cs_client     = @@character_set_client */;
/*!40101 SET character_set_client = utf8 */;
CREATE TABLE `menu_items` (
  `id` int(11) NOT NULL AUTO_INCREMENT,
  `name` varchar(255) NOT NULL,
  `description` text,
  `price` decimal(10,2) NOT NULL,
  `price_big` decimal(10,2) DEFAULT NULL,
  `category` varchar(100) DEFAULT NULL,
  `image` varchar(255) DEFAULT NULL,
  `sort_id` int(11) DEFAULT NULL,
  `created_at` timestamp NOT NULL DEFAULT CURRENT_TIMESTAMP,
  PRIMARY KEY (`id`)
) ENGINE=InnoDB AUTO_INCREMENT=74 DEFAULT CHARSET=utf8;
/*!40101 SET character_set_client = @saved_cs_client */;
DROP TABLE IF EXISTS `order_items`;
/*!40101 SET @saved_cs_client     = @@character_set_client */;
/*!40101 SET character_set_client = utf8 */;
CREATE TABLE `order_items` (
  `id` int(11) NOT NULL AUTO_INCREMENT,
  `order_id` int(11) NOT NULL,
  `product_id` int(11) NOT NULL,
  `name` varchar(255) NOT NULL,
  `price` decimal(10,2) NOT NULL,
  `qty` int(11) NOT NULL,
  PRIMARY KEY (`id`),
  KEY `order_id` (`order_id`),
  CONSTRAINT `order_items_ibfk_1` FOREIGN KEY (`order_id`) REFERENCES `orders` (`id`) ON DELETE CASCADE
) ENGINE=InnoDB AUTO_INCREMENT=1520 DEFAULT CHARSET=utf8;
/*!40101 SET character_set_client = @saved_cs_client */;
DROP TABLE IF EXISTS `orders`;
/*!40101 SET @saved_cs_client     = @@character_set_client */;
/*!40101 SET character_set_client = utf8 */;
CREATE TABLE `orders` (
  `id` int(11) NOT NULL AUTO_INCREMENT,
  `table_number` varchar(50) DEFAULT NULL,
  `name` varchar(255) NOT NULL,
  `phone` varchar(50) DEFAULT NULL,
  `pickup_time` varchar(255) DEFAULT NULL,
  `comment` mediumtext NOT NULL,
  `total` decimal(10,2) NOT NULL,
  `created_at` timestamp NOT NULL DEFAULT CURRENT_TIMESTAMP,
  PRIMARY KEY (`id`)
) ENGINE=InnoDB AUTO_INCREMENT=179 DEFAULT CHARSET=utf8;
/*!40101 SET character_set_client = @saved_cs_client */;
DROP TABLE IF EXISTS `slider`;
/*!40101 SET @saved_cs_client     = @@character_set_client */;
/*!40101 SET character_set_client = utf8 */;
CREATE TABLE `slider` (
  `id` int(3) NOT NULL AUTO_INCREMENT,
  `img` varchar(255) DEFAULT NULL,
  `title` varchar(255) CHARACTER SET utf8 DEFAULT NULL,
  `text` varchar(255) CHARACTER SET utf8 DEFAULT NULL,
  PRIMARY KEY (`id`) USING BTREE
) ENGINE=InnoDB AUTO_INCREMENT=27 DEFAULT CHARSET=cp1251 ROW_FORMAT=COMPACT;
/*!40101 SET character_set_client = @saved_cs_client */;
DROP TABLE IF EXISTS `sub_category`;
/*!40101 SET @saved_cs_client     = @@character_set_client */;
/*!40101 SET character_set_client = utf8 */;
CREATE TABLE `sub_category` (
  `id_sub` int(11) NOT NULL AUTO_INCREMENT,
  `name` varchar(255) NOT NULL,
  `category` varchar(255) NOT NULL,
  `sort_id` int(11) DEFAULT NULL,
  PRIMARY KEY (`id_sub`)
) ENGINE=InnoDB AUTO_INCREMENT=36 DEFAULT CHARSET=utf8;
/*!40101 SET character_set_client = @saved_cs_client */;
/*!50112 SET @disable_bulk_load = IF (@is_rocksdb_supported, 'SET SESSION rocksdb_bulk_load = @old_rocksdb_bulk_load', 'SET @dummy_rocksdb_bulk_load = 0') */;
/*!50112 PREPARE s FROM @disable_bulk_load */;
/*!50112 EXECUTE s */;
/*!50112 DEALLOCATE PREPARE s */;
/*!40103 SET TIME_ZONE=@OLD_TIME_ZONE */;

/*!40101 SET SQL_MODE=@OLD_SQL_MODE */;
/*!40014 SET FOREIGN_KEY_CHECKS=@OLD_FOREIGN_KEY_CHECKS */;
/*!40014 SET UNIQUE_CHECKS=@OLD_UNIQUE_CHECKS */;
/*!40101 SET CHARACTER_SET_CLIENT=@OLD_CHARACTER_SET_CLIENT */;
/*!40101 SET CHARACTER_SET_RESULTS=@OLD_CHARACTER_SET_RESULTS */;
/*!40101 SET COLLATION_CONNECTION=@OLD_COLLATION_CONNECTION */;
/*!40111 SET SQL_NOTES=@OLD_SQL_NOTES */;


/*!40101 SET @OLD_CHARACTER_SET_CLIENT=@@CHARACTER_SET_CLIENT */;
/*!40101 SET @OLD_CHARACTER_SET_RESULTS=@@CHARACTER_SET_RESULTS */;
/*!40101 SET @OLD_COLLATION_CONNECTION=@@COLLATION_CONNECTION */;
/*!40101 SET NAMES utf8mb4 */;
/*!40103 SET @OLD_TIME_ZONE=@@TIME_ZONE */;
/*!40103 SET TIME_ZONE='+00:00' */;
/*!40014 SET @OLD_UNIQUE_CHECKS=@@UNIQUE_CHECKS, UNIQUE_CHECKS=0 */;
/*!40014 SET @OLD_FOREIGN_KEY_CHECKS=@@FOREIGN_KEY_CHECKS, FOREIGN_KEY_CHECKS=0 */;
/*!40101 SET @OLD_SQL_MODE=@@SQL_MODE, SQL_MODE='NO_AUTO_VALUE_ON_ZERO' */;
/*!40111 SET @OLD_SQL_NOTES=@@SQL_NOTES, SQL_NOTES=0 */;
/*!50717 SELECT COUNT(*) INTO @rocksdb_has_p_s_session_variables FROM INFORMATION_SCHEMA.TABLES WHERE TABLE_SCHEMA = 'performance_schema' AND TABLE_NAME = 'session_variables' */;
/*!50717 SET @rocksdb_get_is_supported = IF (@rocksdb_has_p_s_session_variables, 'SELECT COUNT(*) INTO @rocksdb_is_supported FROM performance_schema.session_variables WHERE VARIABLE_NAME=\'rocksdb_bulk_load\'', 'SELECT 0') */;
/*!50717 PREPARE s FROM @rocksdb_get_is_supported */;
/*!50717 EXECUTE s */;
/*!50717 DEALLOCATE PREPARE s */;
/*!50717 SET @rocksdb_enable_bulk_load = IF (@rocksdb_is_supported, 'SET SESSION rocksdb_bulk_load = 1', 'SET @rocksdb_dummy_bulk_load = 0') */;
/*!50717 PREPARE s FROM @rocksdb_enable_bulk_load */;
/*!50717 EXECUTE s */;
/*!50717 DEALLOCATE PREPARE s */;

LOCK TABLES `admin_menu` WRITE;
/*!40000 ALTER TABLE `admin_menu` DISABLE KEYS */;
INSERT INTO `admin_menu` VALUES (1,'Startseite ',0),(2,'Über uns',0),(3,'Kontakt',0),(9,'Social media',0),(11,'Slider',0),(12,'Password',0),(18,'Header',0),(19,'Footer',0),(20,'Gallery',0),(21,'Menu Cafe',0),(22,'Menu Pickup',0),(23,'Order',0),(24,'Category Builder',0),(25,'Menu Builder',0),(27,'Menu Builder Base',0);
/*!40000 ALTER TABLE `admin_menu` ENABLE KEYS */;
UNLOCK TABLES;

LOCK TABLES `admin_users` WRITE;
/*!40000 ALTER TABLE `admin_users` DISABLE KEYS */;
INSERT INTO `admin_users` VALUES (2,'admin','qaz123','admin'),(3,'web','ser123','admin');
/*!40000 ALTER TABLE `admin_users` ENABLE KEYS */;
UNLOCK TABLES;

LOCK TABLES `builder_menu` WRITE;
/*!40000 ALTER TABLE `builder_menu` DISABLE KEYS */;
INSERT INTO `builder_menu` VALUES (12,'Thunfisch ','',3.70,10.00,'Poke Bowls',25,'83510052025185634.jpg',1,'2025-05-10 15:56:34',0),(13,'Hähnchen','',3.70,0.00,'Poke Bowls',25,'21010052025205551.jpg',2,'2025-05-10 17:55:51',0),(14,'Garnelen','',3.70,0.00,'Poke Bowls',25,'54210052025200427.jpg',3,'2025-05-10 17:04:27',0),(15,'Lachs','',3.70,0.00,'Poke Bowls',25,'89710052025205437.jpg',4,'2025-05-10 17:54:37',0),(16,'Tofu','',3.70,0.00,'Poke Bowls',25,'17707042025093407.jpg',5,'2025-05-10 15:53:33',0),(17,'Falafel','',3.70,0.00,'Poke Bowls',25,'94207042025093540.jpg',6,'2025-05-10 15:53:11',0),(28,'Chili Mayo','Cremig und angenehm scharf',0.60,0.00,'Poke Bowls',28,'83209052025163317.jpg',0,'2025-05-10 15:50:41',0),(29,'Teriyaki-Sauce','',0.60,0.00,'Poke Bowls',28,'68307042025103444.jpg',0,'2025-05-10 15:47:21',0),(30,'Kimchi Sriracha','mit cremigen Kräutern',0.60,0.00,'Poke Bowls',28,'29209052025164410.jpg',0,'2025-05-10 15:49:28',0),(31,'Soja-Sesam','Nussiger Sesam mit feiner Sojasause',0.60,0.00,'Poke Bowls',28,'87309052025162556.jpg',0,'2025-05-10 15:51:37',0),(33,'Edamame ','',1.00,0.00,'Poke Bowls',26,'64204052025152855.jpg',1,'2025-05-10 13:20:05',0),(34,'Gurke','',1.00,0.00,'Poke Bowls',26,'33404052025152956.jpg',1,'2025-05-10 13:19:36',0),(35,'Avocado','',1.00,0.00,'Poke Bowls',26,'27504052025153054.jpg',1,'2025-05-10 13:19:13',0),(37,'Karotte','',1.00,0.00,'Poke Bowls',26,'63310052025205713.jpg',1,'2025-05-10 17:57:13',0),(38,'süßes rotes Kimchi','',1.00,0.00,'Poke Bowls',26,'20204052025153633.jpg',1,'2025-05-10 13:16:26',0),(39,'Süßkartoffel','',1.00,0.00,'Poke Bowls',26,'40804052025153738.jpg',1,'2025-05-10 13:18:37',0),(40,'Kirschtomaten','',1.00,0.00,'Poke Bowls',26,'54504052025153931.jpg',1,'2025-05-10 13:18:08',0),(42,'Mango','',1.00,0.00,'Poke Bowls',26,'65804052025154204.jpg',1,'2025-05-10 13:17:47',0),(44,'rote Zwiebeln','',1.00,0.00,'Poke Bowls',26,'27104052025154436.jpg',1,'2025-05-10 13:16:51',0),(45,'Spinat','',1.00,0.00,'Poke Bowls',26,'32904052025154642.jpg',1,'2025-05-10 12:33:03',0),(46,'rote Bete','',1.00,0.00,'Poke Bowls',26,'21304052025154650.jpg',1,'2025-05-10 13:15:18',0),(160,'Granatapfel','',0.60,0.00,'Poke Bowls',29,'88804052025160520.jpg',1,'2025-05-10 13:14:05',0),(161,'Sonnenblumenkerne','',0.60,0.00,'Poke Bowls',29,'30404052025160628.jpg',1,'2025-05-10 12:43:59',0),(162,'Kürbiskerne','',0.60,0.00,'Poke Bowls',29,'45204052025160724.jpg',1,'2025-05-10 12:46:01',0),(163,'Sesam','',0.60,0.00,'Poke Bowls',29,'12704052025160835.jpg',1,'2025-05-10 12:35:42',0),(164,'Frühlingszwiebeln','',0.60,0.00,'Poke Bowls',29,'43404052025160957.jpg',1,'2025-05-10 12:34:25',0),(165,'Kokosraspeln','',0.60,0.00,'Poke Bowls',29,'63704052025161131.jpg',1,'2025-05-10 12:31:57',0),(167,'Nori','',0.60,0.00,'Poke Bowls',29,'99004052025161339.jpg',1,'2025-05-08 12:01:44',0),(168,'Cashewkerne','',0.60,0.00,'Poke Bowls',29,'87704052025161450.jpg',1,'2025-05-10 12:30:36',0),(169,'Erdnüsse','',0.60,0.00,'Poke Bowls',29,'95504052025161540.jpg',1,'2025-05-10 12:29:20',0),(170,'schwarze Oliven','',0.60,0.00,'Poke Bowls',29,'49104052025161631.jpg',1,'2025-05-10 13:17:08',0),(175,'Mango-Dill','Süße Mango trifft frischen Dill',0.60,0.00,'Poke Bowls',28,'13809052025175615.jpg',0,'2025-05-10 15:48:30',0),(176,'Ingwer-Sauce','',0.60,0.00,'Poke Bowls',28,'17809052025200828.jpg',0,'2025-05-10 15:49:57',0),(177,'Kokoschips','',0.60,0.00,'Poke Bowls',29,'19909052025201309.jpg',1,'2025-05-10 12:26:02',0),(178,'gebratene Zwiebeln','',0.60,0.00,'Poke Bowls',29,'75310052025161304.jpg',1,'2025-05-10 13:13:04',0),(179,'süßer Kürbis','',1.00,0.00,'Poke Bowls',26,'87410052025210147.jpg',1,'2025-05-10 18:01:47',0),(180,'Zuckermais','',1.00,0.00,'Poke Bowls',26,'84010052025170657.jpg',1,'2025-05-10 14:06:57',0),(181,'Rettich eingelegt','',1.00,0.00,'Poke Bowls',26,'11510052025180242.jpg',1,'2025-05-10 15:02:42',0),(182,'Ingwer eingelegt','',1.00,0.00,'Poke Bowls',26,'10210052025180546.jpg',1,'2025-05-10 15:05:46',0),(183,'Wakame Salat','',1.00,0.00,'Poke Bowls',26,'79910052025180816.jpg',1,'2025-05-10 15:08:16',0),(184,'Mandeln','',0.60,0.00,'Poke Bowls',29,'39010052025183627.jpg',1,'2025-05-10 15:36:27',0),(186,'Bananenchips','',0.60,0.00,'Poke Bowls',29,'22310052025184303.jpg',1,'2025-05-10 15:43:03',0),(187,'Kapern','',0.60,0.00,'Poke Bowls',29,'90510052025184440.jpg',1,'2025-05-10 15:44:40',0),(188,'Ingwer eingelegt','',0.60,0.00,'Poke Bowls',29,'56710052025184627.jpg',1,'2025-05-10 15:46:27',0);
/*!40000 ALTER TABLE `builder_menu` ENABLE KEYS */;
UNLOCK TABLES;

LOCK TABLES `builder_menu_base` WRITE;
/*!40000 ALTER TABLE `builder_menu_base` DISABLE KEYS */;
INSERT INTO `builder_menu_base` VALUES (1,'Wunsch Bowl mit Tofu','<p><font style=\"vertical-align: inherit;\"><font style=\"vertical-align: inherit; font-weight: bold; font-family: Arial;\">- 1 Base nach Wahl</font></font></p><p><font style=\"vertical-align: inherit;\"><font style=\"vertical-align: inherit; font-weight: bold; font-family: Arial;\">- 1 Marinade nach Wahl</font></font></p><p><font style=\"vertical-align: inherit;\"><font style=\"vertical-align: inherit; font-weight: bold; font-family: Arial;\">- 4 Frische Zutaten nach Wahl</font></font></p><p><font style=\"vertical-align: inherit;\"><font style=\"vertical-align: inherit;\"><span style=\"font-weight: bold; font-family: Arial;\">- 1 Sauce nach Wahl</span></font></font></p><p><font style=\"vertical-align: inherit;\"><font style=\"vertical-align: inherit;\"><span style=\"font-weight: 700; font-family: Arial;\">- 3 Toppings nach Wahl</span></font></font></p>',9.50,14.70,'41714102025155705.png',0,'2025-10-14 12:57:05'),(4,'Wunsch Bowl mit Hähnchen','<div bis_skin_checked=\"1\"><p><font style=\"vertical-align: inherit;\"><font style=\"vertical-align: inherit; font-weight: bold; font-family: Arial;\">- 1 Base nach Wahl</font></font></p><p><font style=\"vertical-align: inherit;\"><font style=\"vertical-align: inherit; font-weight: bold; font-family: Arial;\">- 1 Marinade nach Wahl</font></font></p><p><font style=\"vertical-align: inherit;\"><font style=\"vertical-align: inherit; font-weight: bold; font-family: Arial;\">- 4 Frische Zutaten nach Wahl</font></font></p><p><font style=\"vertical-align: inherit;\"><font style=\"vertical-align: inherit;\"><span style=\"font-weight: bold; font-family: Arial;\">- 1 Sauce nach Wahl</span></font></font></p><p><font style=\"vertical-align: inherit;\"><font style=\"vertical-align: inherit;\"><span style=\"font-weight: 700; font-family: Arial;\">- 3 Toppings nach Wahl</span></font></font></p></div>',9.50,14.70,'37814102025155815.png',1,'2025-10-14 12:58:15'),(5,'Wunsch Bowl mit Garnelen','<div style=\"margin: 0px; padding: 0px; transition: 0.3s; font-size: 14px; color: rgb(98, 106, 114); font-family: \" pt=\"\" sans\",=\"\" sans-serif;\"=\"\" bis_skin_checked=\"1\"><p style=\"color: rgb(103, 106, 108); font-size: 13px;\"><font style=\"vertical-align: inherit;\"><font style=\"vertical-align: inherit; font-weight: bold; font-family: Arial;\">- 1 Base nach Wahl</font></font></p><p style=\"color: rgb(103, 106, 108); font-size: 13px;\"><font style=\"vertical-align: inherit;\"><font style=\"vertical-align: inherit; font-weight: bold; font-family: Arial;\">- 1 Marinade nach Wahl</font></font></p><p style=\"color: rgb(103, 106, 108); font-size: 13px;\"><font style=\"vertical-align: inherit;\"><font style=\"vertical-align: inherit; font-weight: bold; font-family: Arial;\">- 4 Frische Zutaten nach Wahl</font></font></p><p style=\"color: rgb(103, 106, 108); font-size: 13px;\"><font style=\"vertical-align: inherit;\"><font style=\"vertical-align: inherit;\"><span style=\"font-weight: bold; font-family: Arial;\">- 1 Sauce nach Wahl</span></font></font></p><p style=\"color: rgb(103, 106, 108); font-size: 13px;\"><font style=\"vertical-align: inherit;\"><font style=\"vertical-align: inherit;\"><span style=\"font-weight: 700; font-family: Arial;\">- 3 Toppings nach Wahl</span></font></font></p></div>',9.90,15.90,'95014102025155835.png',1,'2025-10-14 12:58:35'),(6,'Wunsch Bowl mit Falafel','<p><font style=\"vertical-align: inherit;\"><font style=\"vertical-align: inherit; font-weight: bold; font-family: Arial;\">- 1 Base nach Wahl</font></font></p><p><font style=\"vertical-align: inherit;\"><font style=\"vertical-align: inherit; font-weight: bold; font-family: Arial;\">- 1 Marinade nach Wahl</font></font></p><p><font style=\"vertical-align: inherit;\"><font style=\"vertical-align: inherit; font-weight: bold; font-family: Arial;\">- 4 Frische Zutaten nach Wahl</font></font></p><p><font style=\"vertical-align: inherit;\"><font style=\"vertical-align: inherit;\"><span style=\"font-weight: bold; font-family: Arial;\">- 1 Sauce nach Wahl</span></font></font></p><p><font style=\"vertical-align: inherit;\"><font style=\"vertical-align: inherit;\"><span style=\"font-weight: 700; font-family: Arial;\">- 3 Toppings nach Wahl</span></font></font></p>',9.50,14.70,'11814102025155737.png',0,'2025-10-14 12:57:37'),(7,'Wunsch Bowl mit Lachs','<p><font style=\"vertical-align: inherit;\"><font style=\"vertical-align: inherit; font-weight: bold; font-family: Arial;\">- 1 Base nach Wahl</font></font></p><p><font style=\"vertical-align: inherit;\"><font style=\"vertical-align: inherit; font-weight: bold; font-family: Arial;\">- 1 Marinade nach Wahl</font></font></p><p><font style=\"vertical-align: inherit;\"><font style=\"vertical-align: inherit; font-weight: bold; font-family: Arial;\">- 4 Frische Zutaten nach Wahl</font></font></p><p><font style=\"vertical-align: inherit;\"><font style=\"vertical-align: inherit;\"><span style=\"font-weight: bold; font-family: Arial;\">- 1 Sauce nach Wahl</span></font></font></p><p><font style=\"vertical-align: inherit;\"><font style=\"vertical-align: inherit;\"><span style=\"font-weight: 700; font-family: Arial;\">- 3 Toppings nach Wahl</span></font></font></p>',9.90,15.90,'25314102025155752.png',0,'2025-10-14 12:57:52'),(9,'Wunsch Bowl mit Thunfisch ','<div bis_skin_checked=\"1\"><p><font style=\"vertical-align: inherit;\"><font style=\"vertical-align: inherit; font-weight: bold; font-family: Arial;\">- 1 Base nach Wahl</font></font></p><p><font style=\"vertical-align: inherit;\"><font style=\"vertical-align: inherit; font-weight: bold; font-family: Arial;\">- 1 Marinade nach Wahl</font></font></p><p><font style=\"vertical-align: inherit;\"><font style=\"vertical-align: inherit; font-weight: bold; font-family: Arial;\">- 4 Frische Zutaten nach Wahl</font></font></p><p><font style=\"vertical-align: inherit;\"><font style=\"vertical-align: inherit;\"><span style=\"font-weight: bold; font-family: Arial;\">- 1 Sauce nach Wahl</span></font></font></p><p><font style=\"vertical-align: inherit;\"><font style=\"vertical-align: inherit;\"><span style=\"font-weight: 700; font-family: Arial;\">- 3 Toppings nach Wahl</span></font></font></p></div>',9.90,15.90,'68414102025155847.png',1,'2025-10-14 12:58:47');
/*!40000 ALTER TABLE `builder_menu_base` ENABLE KEYS */;
UNLOCK TABLES;

LOCK TABLES `builder_menu_product` WRITE;
/*!40000 ALTER TABLE `builder_menu_product` DISABLE KEYS */;
INSERT INTO `builder_menu_product` VALUES (5008,'Reis ','<p><br></p>','31',6,'49429092025182353.png',1,'2025-09-29 16:39:15'),(5009,'Couscous','','31',6,'22629092025184432.png',1,'2025-09-29 16:32:05'),(5010,'Quinoa','<p><br></p>','31',6,'89129092025200428.png',1,'2025-09-29 17:04:28'),(5011,'Zucchini-Spaghetti','','31',6,'30829092025193030.png',1,'2025-09-29 16:33:58'),(5024,'Capri','Ein Traum aus Tomaten','32',6,'55329092025192537.png',1,'2025-09-29 16:25:37'),(5025,'Gozo','Kräuterexplosion mit Knoblauch','32',6,'54929092025192553.png',1,'2025-09-29 16:25:53'),(5026,'Lanai ','Ein Hauch Asien mit Sojasoße','32',6,'34729092025192610.png',1,'2025-09-29 16:26:10'),(5027,'Maui','Vorsicht, feurig-scharf','32',6,'73729092025192653.png',1,'2025-09-29 16:26:53'),(5028,'Edamame ','','33',6,'94729092025180107.png',1,'2025-09-29 15:08:29'),(5029,'Gurke','<p><br></p>','33',6,'90429092025201940.png',1,'2025-09-29 17:19:40'),(5030,'Avocado','<p><br></p>','33',6,'68729092025223131.png',1,'2025-09-29 19:31:31'),(5031,'Rettich (Takuwan)','<p><br></p>','33',6,'23209052025200533.jpg',1,'2025-09-29 14:22:31'),(5032,'Karotte (frisch mariniert)','<p><br></p>','33',6,'80204052025153456.jpg',1,'2025-09-29 14:23:05'),(5033,'Haus-Kimchi (Top) ','<p><br></p>','33',6,'20204052025153633.jpg',1,'2025-09-29 14:23:44'),(5034,'Süßkartoffel','','33',6,'40804052025153738.jpg',1,'2025-05-04 14:43:14'),(5035,'Tomatenwürfel','<p><br></p>','33',6,'54504052025153931.jpg',1,'2025-09-29 14:25:02'),(5036,'Wakame Salat (Algen)','<p><br></p>','33',6,'47509052025195352.jpg',1,'2025-09-29 14:26:22'),(5037,'Mango','','33',6,'65804052025154204.jpg',1,'2025-05-04 14:43:05'),(5039,'rote Zwiebeln (frisch mariniert)','<p><br></p>','33',6,'27104052025154436.jpg',1,'2025-09-29 14:27:16'),(5040,'Spinat','','33',6,'32904052025154642.jpg',1,'2025-05-04 14:42:59'),(5041,'Rote Bete','','33',6,'21304052025154650.jpg',1,'2025-05-04 14:42:57'),(5042,'Tropicana Sauce','Cremig, frisch, zitronig','34',6,'62004052025154835.jpg',1,'2025-09-29 14:31:58'),(5043,'Poke Pao Sauce','Cremig & würzig','34',6,'92904052025155039.jpg',1,'2025-09-29 14:30:17'),(5044,'Teriyaki-Sauce','<br>','34',6,'12504052025155314.jpg',1,'2025-09-29 14:33:52'),(5045,'Chili Mayo','Cremig und angenehm scharf\r\n\r\n','34',6,'12804052025155446.jpg',1,'2025-05-04 12:54:46'),(5048,'Granatapfel','','35',6,'88804052025160520.jpg',1,'2025-05-04 14:42:53'),(5049,'Sonnenblumenkerne','','35',6,'30404052025160628.jpg',1,'2025-05-04 14:42:51'),(5050,'Kürbiskerne','','35',6,'45204052025160724.jpg',1,'2025-05-04 14:42:49'),(5051,'Sesam','','35',6,'12704052025160835.jpg',1,'2025-05-04 14:42:47'),(5052,'Frühlingszwiebeln','','35',6,'43404052025160957.jpg',1,'2025-05-09 16:34:01'),(5054,'Kokoschips','','35',6,'46509052025192012.jpg',1,'2025-05-09 16:34:05'),(5055,'Nori','','35',6,'99004052025161339.jpg',1,'2025-05-04 14:42:39'),(5056,'Cashewkerne','','35',6,'87704052025161450.jpg',1,'2025-05-04 14:42:29'),(5057,'Erdnüsse','','35',6,'95504052025161540.jpg',1,'2025-05-04 14:42:33'),(5058,'schwarze Oliven','','35',6,'49104052025161631.jpg',1,'2025-08-25 07:11:15'),(5059,'Geröstete Rote Bete Chips','','35',6,'76004052025161718.jpg',1,'2025-05-04 14:42:37'),(5060,'Reis ','','31',1,'85029092025193310.png',1,'2025-09-29 16:39:47'),(5061,'Couscous','','31',1,'47829092025195617.png',1,'2025-09-29 16:56:17'),(5062,'Quinoa','<p><br></p>','31',1,'17929092025201107.png',1,'2025-09-29 17:11:07'),(5063,'Zucchini-Spaghetti','<p><br></p>','31',1,'14029092025200038.png',1,'2025-09-29 17:00:38'),(5064,'Capri','Ein Traum aus Tomaten','32',1,'82129092025201155.png',1,'2025-09-29 17:11:55'),(5065,'Gozo','Kräuterexplosion mit Knoblauch','32',1,'77329092025201222.png',1,'2025-09-29 17:12:22'),(5066,'Lanai ','Ein Hauch Asien mit Sojasoße','32',1,'73929092025201243.png',1,'2025-09-29 17:12:43'),(5067,'Maui','Vorsicht, feurig-scharf','32',1,'49629092025201304.png',1,'2025-09-29 17:13:04'),(5068,'Edamame ','','33',1,'60829092025175903.png',1,'2025-09-29 15:09:29'),(5069,'Gurke','','33',1,'33404052025152956.jpg',1,'2025-05-04 14:43:25'),(5070,'Avocado','','33',1,'27504052025153054.jpg',1,'2025-05-04 14:43:23'),(5071,'Rettich eingelegt','','33',1,'73409052025200456.jpg',1,'2025-05-10 12:59:51'),(5072,'Karotte','','33',1,'80204052025153456.jpg',1,'2025-05-04 14:43:18'),(5073,'süßes rotes Kimchi','','33',1,'20204052025153633.jpg',1,'2025-08-25 07:11:10'),(5074,'Süßkartoffel','','33',1,'40804052025153738.jpg',1,'2025-05-04 14:43:14'),(5075,'Kirschtomaten','','33',1,'54504052025153931.jpg',1,'2025-05-04 14:43:08'),(5076,'Wakame Salat','','33',1,'50109052025195020.jpg',1,'2025-05-10 12:59:48'),(5077,'Mango','','33',1,'65804052025154204.jpg',1,'2025-05-04 14:43:05'),(5078,'Mango','','33',1,'74218062025165415.jpg',1,'2025-08-25 07:11:07'),(5079,'Rote Zwiebeln','','33',1,'27104052025154436.jpg',1,'2025-05-04 14:43:01'),(5080,'Spinat','','33',1,'32904052025154642.jpg',1,'2025-05-04 14:42:59'),(5081,'Rote Bete','','33',1,'21304052025154650.jpg',1,'2025-05-04 14:42:57'),(5082,'Rucola-Sauce','Frischer Rucola mit cremigen Kräutern','34',1,'62004052025154835.jpg',1,'2025-05-04 12:48:35'),(5083,'Trüffel Fusion','Edler Trüffel mit tropischer Note','34',1,'92904052025155039.jpg',1,'2025-05-04 12:50:39'),(5084,'Mango-Dill','Süße Mango trifft frischen Dill\r\n\r\n','34',1,'12504052025155314.jpg',1,'2025-05-04 12:53:14'),(5085,'Chili Mayo','Cremig und angenehm scharf\r\n\r\n','34',1,'12804052025155446.jpg',1,'2025-05-04 12:54:46'),(5087,'Soja-Sesam','Nussiger Sesam mit feiner Sojasoße','34',1,'81809052025193615.jpg',1,'2025-05-09 16:36:15'),(5088,'Granatapfel','','35',1,'88804052025160520.jpg',1,'2025-05-04 14:42:53'),(5089,'Sonnenblumenkerne','','35',1,'30404052025160628.jpg',1,'2025-05-04 14:42:51'),(5090,'Kürbiskerne','','35',1,'45204052025160724.jpg',1,'2025-05-04 14:42:49'),(5091,'Sesam','','35',1,'12704052025160835.jpg',1,'2025-05-04 14:42:47'),(5092,'Frühlingszwiebeln','','35',1,'43404052025160957.jpg',1,'2025-05-09 16:31:10'),(5094,'Kokoschips','','35',1,'28009052025191531.jpg',1,'2025-05-09 16:31:08'),(5095,'Nori','','35',1,'99004052025161339.jpg',1,'2025-05-04 14:42:39'),(5096,'Cashewkerne','','35',1,'87704052025161450.jpg',1,'2025-05-04 14:42:29'),(5097,'Erdnüsse','','35',1,'95504052025161540.jpg',1,'2025-05-04 14:42:33'),(5098,'schwarze Oliven','','35',1,'49104052025161631.jpg',1,'2025-08-25 07:11:02'),(5099,'Geröstete Rote Bete Chips','','35',1,'76004052025161718.jpg',1,'2025-05-04 14:42:37'),(5123,'Reis ','','31',7,'35604052025141617.jpg',1,'2025-08-25 07:11:00'),(5124,'Couscous','','31',7,'13504052025141846.jpg',1,'2025-05-04 14:43:34'),(5125,'Quinoa','','31',7,'71204052025141749.jpg',1,'2025-05-04 14:43:32'),(5126,'Zucchini-Spaghetti','<p><br></p>','31',7,'69704052025141912.jpg',1,'2025-09-29 15:20:53'),(5127,'Capri','Ein Traum aus Tomaten','32',7,'20804052025142206.jpg',1,'2025-05-04 11:22:06'),(5128,'Gozo','Kräuterexplosion mit Knoblauch','32',7,'77504052025142307.jpg',1,'2025-05-04 11:23:07'),(5129,'Lanai ','Ein Hauch Asien mit Sojasoße','32',7,'31804052025142232.jpg',1,'2025-05-04 11:22:32'),(5130,'Maui','Vorsicht, feurig-scharf','32',7,'74004052025142326.jpg',1,'2025-05-04 11:23:26'),(5131,'Edamame ','','33',7,'64204052025152855.jpg',1,'2025-05-04 14:43:27'),(5132,'Gurke','','33',7,'33404052025152956.jpg',1,'2025-05-04 14:43:25'),(5133,'Avocado','','33',7,'27504052025153054.jpg',1,'2025-05-04 14:43:23'),(5134,'Rettich eingelegt','','33',7,'52509052025200406.jpg',1,'2025-05-10 12:59:44'),(5135,'Karotte','','33',7,'80204052025153456.jpg',1,'2025-05-04 14:43:18'),(5136,'süßes rotes Kimchi ','','33',7,'20204052025153633.jpg',1,'2025-08-25 07:10:57'),(5137,'Süßkartoffel','','33',7,'40804052025153738.jpg',1,'2025-05-04 14:43:14'),(5138,'Kirschtomaten','','33',7,'54504052025153931.jpg',1,'2025-05-04 14:43:08'),(5139,'Wakame Salat','','33',7,'96209052025194816.jpg',1,'2025-05-10 12:59:41'),(5140,'Mango','','33',7,'65804052025154204.jpg',1,'2025-05-04 14:43:05'),(5141,'Mango','','33',7,'38718062025165338.jpg',1,'2025-08-25 07:10:55'),(5142,'Rote Zwiebeln','','33',7,'27104052025154436.jpg',1,'2025-05-04 14:43:01'),(5143,'Spinat','','33',7,'32904052025154642.jpg',1,'2025-05-04 14:42:59'),(5144,'Rote Bete','','33',7,'21304052025154650.jpg',1,'2025-05-04 14:42:57'),(5145,'Teriyaki-Sauce','Frischer Rucola mit cremigen Kräutern','34',7,'62004052025154835.jpg',1,'2025-06-04 16:12:56'),(5146,'Ingwer-Sauce','','34',7,'92904052025155039.jpg',1,'2025-06-04 16:13:53'),(5147,'Mango-Dill','Süße Mango trifft frischen Dill\r\n\r\n','34',7,'12504052025155314.jpg',1,'2025-05-04 12:53:14'),(5148,'Chili Mayo','Cremig und angenehm scharf\r\n\r\n','34',7,'12804052025155446.jpg',1,'2025-05-04 12:54:46'),(5149,'Kimchi Sriracha','Würzig и scharf – voll im Geschmack\r\n\r\n','34',7,'75204052025155654.jpg',1,'2025-05-04 12:56:54'),(5150,'Soja-Sesam','Nussiger Sesam mit feiner Sojasoße','34',7,'73309052025193304.jpg',1,'2025-05-09 16:33:04'),(5151,'Granatapfel','','35',7,'88804052025160520.jpg',1,'2025-05-04 14:42:53'),(5152,'Sonnenblumenkerne','','35',7,'30404052025160628.jpg',1,'2025-05-04 14:42:51'),(5153,'Kürbiskerne','','35',7,'45204052025160724.jpg',1,'2025-05-04 14:42:49'),(5154,'Sesam','','35',7,'12704052025160835.jpg',1,'2025-05-04 14:42:47'),(5155,'Frühlingszwiebeln','','35',7,'43404052025160957.jpg',1,'2025-05-09 16:31:04'),(5157,'Kokoschips','','35',7,'29409052025191759.jpg',1,'2025-05-09 16:30:59'),(5158,'Nori','','35',7,'99004052025161339.jpg',1,'2025-05-04 14:42:39'),(5159,'Cashewkerne','','35',7,'87704052025161450.jpg',1,'2025-05-04 14:42:29'),(5160,'Erdnüsse','','35',7,'95504052025161540.jpg',1,'2025-05-04 14:42:33'),(5161,'schwarze Oliven','','35',7,'49104052025161631.jpg',1,'2025-08-25 07:10:52'),(5162,'Geröstete Rote Bete Chips','','35',7,'76004052025161718.jpg',1,'2025-05-04 14:42:37'),(5186,'Reis ','','31',9,'35604052025141617.jpg',1,'2025-08-25 07:10:49'),(5187,'Couscous','','31',9,'13504052025141846.jpg',1,'2025-05-04 14:43:34'),(5188,'Quinoa','','31',9,'71204052025141749.jpg',1,'2025-05-04 14:43:32'),(5189,'Zucchini-Nudeln','','31',9,'69704052025141912.jpg',1,'2025-05-04 14:43:30'),(5190,'Capri','Ein Traum aus Tomaten','32',9,'20804052025142206.jpg',1,'2025-05-04 11:22:06'),(5191,'Gozo','Kräuterexplosion mit Knoblauch','32',9,'77504052025142307.jpg',1,'2025-05-04 11:23:07'),(5192,'Lanai ','Ein Hauch Asien mit Sojasoße','32',9,'31804052025142232.jpg',1,'2025-05-04 11:22:32'),(5193,'Maui','Vorsicht, feurig-scharf','32',9,'74004052025142326.jpg',1,'2025-05-04 11:23:26'),(5194,'Edamame ','','33',9,'64204052025152855.jpg',1,'2025-05-04 14:43:27'),(5195,'Gurke','','33',9,'33404052025152956.jpg',1,'2025-05-04 14:43:25'),(5196,'Avocado','','33',9,'27504052025153054.jpg',1,'2025-05-04 14:43:23'),(5197,'Rettich eingelegt','','33',9,'23709052025200329.jpg',1,'2025-05-10 12:59:37'),(5198,'Karotte','','33',9,'80204052025153456.jpg',1,'2025-05-04 14:43:18'),(5199,'süßes rotes Kimchi','','33',9,'20204052025153633.jpg',1,'2025-08-25 07:10:44'),(5200,'Süßkartoffel','','33',9,'40804052025153738.jpg',1,'2025-05-04 14:43:14'),(5201,'Kirschtomaten','','33',9,'54504052025153931.jpg',1,'2025-05-04 14:43:08'),(5202,'Wakame Salat','','33',9,'41609052025194721.jpg',1,'2025-05-10 12:59:34'),(5203,'Mango','','33',9,'65804052025154204.jpg',1,'2025-05-04 14:43:05'),(5204,'Mango','','33',9,'94418062025165155.jpg',1,'2025-08-25 07:10:46'),(5205,'Rote Zwiebeln','','33',9,'27104052025154436.jpg',1,'2025-05-04 14:43:01'),(5206,'Spinat','','33',9,'32904052025154642.jpg',1,'2025-05-04 14:42:59'),(5207,'Rote Bete','','33',9,'21304052025154650.jpg',1,'2025-05-04 14:42:57'),(5208,'Teriyaki-Sauce','Frischer Rucola mit cremigen Kräutern','34',9,'62004052025154835.jpg',1,'2025-06-04 15:49:21'),(5209,'Trüffel Fusion','Edler Trüffel mit tropischer Note','34',9,'92904052025155039.jpg',1,'2025-05-04 12:50:39'),(5210,'Mango-Dill','Süße Mango trifft frischen Dill\r\n\r\n','34',9,'12504052025155314.jpg',1,'2025-05-04 12:53:14'),(5211,'Chili Mayo','Cremig und angenehm scharf\r\n\r\n','34',9,'12804052025155446.jpg',1,'2025-05-04 12:54:46'),(5212,'Kimchi Sriracha','Würzig и scharf – voll im Geschmack\r\n\r\n','34',9,'75204052025155654.jpg',1,'2025-05-04 12:56:54'),(5213,'Soja-Sesam','Nussiger Sesam mit feiner Sojasoße','34',9,'80709052025193210.jpg',1,'2025-05-09 16:32:10'),(5214,'Granatapfel','','35',9,'88804052025160520.jpg',1,'2025-05-04 14:42:53'),(5215,'Sonnenblumenkerne','','35',9,'30404052025160628.jpg',1,'2025-05-04 14:42:51'),(5216,'Kürbiskerne','','35',9,'45204052025160724.jpg',1,'2025-05-04 14:42:49'),(5217,'Sesam','','35',9,'12704052025160835.jpg',1,'2025-05-04 14:42:47'),(5218,'Frühlingszwiebeln','','35',9,'43404052025160957.jpg',1,'2025-05-09 16:30:54'),(5220,'Kokoschips','','35',9,'65409052025191711.jpg',1,'2025-05-09 16:30:49'),(5221,'Nori','','35',9,'99004052025161339.jpg',1,'2025-05-04 14:42:39'),(5222,'Cashewkerne','','35',9,'87704052025161450.jpg',1,'2025-05-04 14:42:29'),(5223,'Erdnüsse','','35',9,'95504052025161540.jpg',1,'2025-05-04 14:42:33'),(5224,'schwarze Oliven','','35',9,'49104052025161631.jpg',1,'2025-08-25 07:10:39'),(5225,'Geröstete Rote Bete Chips','','35',9,'76004052025161718.jpg',1,'2025-05-04 14:42:37'),(5249,'Reis ','','31',4,'35604052025141617.jpg',1,'2025-08-25 07:10:36'),(5250,'Couscous','','31',4,'13504052025141846.jpg',1,'2025-05-04 14:43:34'),(5251,'Quinoa','','31',4,'71204052025141749.jpg',1,'2025-05-04 14:43:32'),(5252,'Zucchini-Nudeln','','31',4,'69704052025141912.jpg',1,'2025-05-04 14:43:30'),(5253,'Capri','Ein Traum aus Tomaten','32',4,'20804052025142206.jpg',1,'2025-05-04 11:22:06'),(5254,'Gozo','Kräuterexplosion mit Knoblauch','32',4,'77504052025142307.jpg',1,'2025-05-04 11:23:07'),(5255,'Lanai ','Ein Hauch Asien mit Sojasoße','32',4,'31804052025142232.jpg',1,'2025-05-04 11:22:32'),(5256,'Maui','Vorsicht, feurig-scharf','32',4,'74004052025142326.jpg',1,'2025-05-04 11:23:26'),(5257,'Edamame ','','33',4,'64204052025152855.jpg',1,'2025-05-04 14:43:27'),(5258,'Gurke','','33',4,'33404052025152956.jpg',1,'2025-05-04 14:43:25'),(5259,'Avocado','','33',4,'27504052025153054.jpg',1,'2025-05-04 14:43:23'),(5260,'Rettich eingelegt','','33',4,'77609052025200250.jpg',1,'2025-05-10 12:59:29'),(5261,'Karotte','','33',4,'80204052025153456.jpg',1,'2025-05-04 14:43:18'),(5262,'süßes rotes Kimchi','','33',4,'20204052025153633.jpg',1,'2025-08-25 07:01:56'),(5263,'Süßkartoffel','','33',4,'40804052025153738.jpg',1,'2025-05-04 14:43:14'),(5264,'Kirschtomaten','','33',4,'54504052025153931.jpg',1,'2025-05-04 14:43:08'),(5265,'Wakame Salat','','33',4,'67409052025194613.jpg',1,'2025-05-10 12:59:26'),(5266,'Mango','','33',4,'65804052025154204.jpg',1,'2025-05-04 14:43:05'),(5267,'Mango','','33',4,'91518062025164633.jpg',1,'2025-08-25 07:01:54'),(5268,'Rote Zwiebeln','','33',4,'27104052025154436.jpg',1,'2025-05-04 14:43:01'),(5269,'Spinat','','33',4,'32904052025154642.jpg',1,'2025-05-04 14:42:59'),(5270,'Rote Bete','','33',4,'21304052025154650.jpg',1,'2025-05-04 14:42:57'),(5271,'Teriyaki-Sauce','Frischer Rucola mit cremigen Kräutern','34',4,'62004052025154835.jpg',1,'2025-06-04 15:14:57'),(5272,'Trüffel Fusion','Edler Trüffel mit tropischer Note','34',4,'92904052025155039.jpg',1,'2025-05-04 12:50:39'),(5273,'Mango-Dill','Süße Mango trifft frischen Dill\r\n\r\n','34',4,'12504052025155314.jpg',1,'2025-05-04 12:53:14'),(5274,'Chili Mayo','Cremig und angenehm scharf\r\n\r\n','34',4,'12804052025155446.jpg',1,'2025-05-04 12:54:46'),(5275,'Kimchi Sriracha','Würzig и scharf – voll im Geschmack\r\n\r\n','34',4,'75204052025155654.jpg',1,'2025-05-04 12:56:54'),(5276,'Soja-Sesam','Nussiger Sesam mit feiner Sojasoße','34',4,'26009052025193116.jpg',1,'2025-05-09 16:31:16'),(5277,'Granatapfel','','35',4,'88804052025160520.jpg',1,'2025-05-04 14:42:53'),(5278,'Sonnenblumenkerne','','35',4,'30404052025160628.jpg',1,'2025-05-04 14:42:51'),(5279,'Kürbiskerne','','35',4,'45204052025160724.jpg',1,'2025-05-04 14:42:49'),(5280,'Sesam','','35',4,'12704052025160835.jpg',1,'2025-05-04 14:42:47'),(5281,'Frühlingszwiebeln','','35',4,'43404052025160957.jpg',1,'2025-05-09 16:30:45'),(5283,'Kokoschips','','35',4,'51709052025191009.jpg',1,'2025-05-09 16:30:41'),(5284,'Nori','','35',4,'99004052025161339.jpg',1,'2025-05-04 14:42:39'),(5285,'Cashewkerne','','35',4,'87704052025161450.jpg',1,'2025-05-04 14:42:29'),(5286,'Erdnüsse','','35',4,'95504052025161540.jpg',1,'2025-05-04 14:42:33'),(5287,'schwarze Oliven','','35',4,'49104052025161631.jpg',1,'2025-08-25 07:01:50'),(5288,'Geröstete Rote Bete Chips','','35',4,'76004052025161718.jpg',1,'2025-05-04 14:42:37'),(5312,'Reis','','31',5,'35604052025141617.jpg',1,'2025-05-13 14:28:46'),(5313,'Couscous','','31',5,'13504052025141846.jpg',1,'2025-05-04 14:43:34'),(5314,'Quinoa','','31',5,'71204052025141749.jpg',1,'2025-05-04 14:43:32'),(5315,'Zucchini-Spaghetti','<p><br></p>','31',5,'69704052025141912.jpg',1,'2025-09-29 15:17:59'),(5316,'Capri','Ein Traum aus Tomaten','32',5,'20804052025142206.jpg',1,'2025-05-04 11:22:06'),(5317,'Gozo','Kräuterexplosion mit Knoblauch','32',5,'77504052025142307.jpg',1,'2025-05-04 11:23:07'),(5318,'Lanai ','Ein Hauch Asien mit Sojasoße','32',5,'31804052025142232.jpg',1,'2025-05-04 11:22:32'),(5319,'Maui','Vorsicht, feurig-scharf','32',5,'74004052025142326.jpg',1,'2025-05-04 11:23:26'),(5320,'Edamame ','','33',5,'64204052025152855.jpg',1,'2025-05-04 14:43:27'),(5321,'Gurke','','33',5,'33404052025152956.jpg',1,'2025-05-04 14:43:25'),(5322,'Avocado','','33',5,'27504052025153054.jpg',1,'2025-05-04 14:43:23'),(5323,'Rettich eingelegt','','33',5,'96109052025200201.jpg',1,'2025-05-10 12:59:22'),(5324,'Karotte','','33',5,'44913052025172948.jpg',1,'2025-08-25 07:01:47'),(5325,'süßes rotes Kimchi','','33',5,'20204052025153633.jpg',1,'2025-08-25 07:01:39'),(5326,'Süßkartoffel','','33',5,'40804052025153738.jpg',1,'2025-05-04 14:43:14'),(5327,'Kirschtomaten','','33',5,'54504052025153931.jpg',1,'2025-05-04 14:43:08'),(5328,'Wakame Salat','','33',5,'21409052025195303.jpg',1,'2025-05-10 12:59:14'),(5329,'Mango','','33',5,'65804052025154204.jpg',1,'2025-05-04 14:43:05'),(5330,'Mango','','33',5,'76818062025164541.jpg',1,'2025-08-25 07:01:42'),(5331,'rote Zwiebeln','','33',5,'27104052025154436.jpg',1,'2025-08-25 07:01:44'),(5332,'Spinat','','33',5,'32904052025154642.jpg',1,'2025-05-04 14:42:59'),(5333,'rote Bete','','33',5,'21304052025154650.jpg',1,'2025-08-25 07:01:27'),(5334,'Teriyaki-Sauce','','34',5,'62004052025154835.jpg',1,'2025-05-13 14:31:46'),(5335,'Ingwer-Sauce','Edler Trüffel mit tropischer Note','34',5,'92904052025155039.jpg',1,'2025-05-13 14:30:55'),(5336,'Mango-Dill','Süße Mango trifft frischen Dill\r\n\r\n','34',5,'12504052025155314.jpg',1,'2025-05-04 12:53:14'),(5337,'Chili Mayo','Cremig und angenehm scharf\r\n\r\n','34',5,'12804052025155446.jpg',1,'2025-05-04 12:54:46'),(5339,'Soja-Sesam','Nussiger Sesam mit feiner Sojasoße','34',5,'39609052025193022.jpg',1,'2025-05-09 16:30:22'),(5340,'Granatapfel','','35',5,'88804052025160520.jpg',1,'2025-05-04 14:42:53'),(5341,'Sonnenblumenkerne','','35',5,'30404052025160628.jpg',1,'2025-05-04 14:42:51'),(5342,'Kürbiskerne','','35',5,'45204052025160724.jpg',1,'2025-05-04 14:42:49'),(5343,'Sesam','','35',5,'12704052025160835.jpg',1,'2025-05-04 14:42:47'),(5344,'Frühlingszwiebeln','','35',5,'43404052025160957.jpg',1,'2025-05-09 16:30:32'),(5346,'Kokoschips','','35',5,'45909052025190520.jpg',1,'2025-05-09 16:30:27'),(5347,'Nori','','35',5,'99004052025161339.jpg',1,'2025-05-04 14:42:39'),(5348,'Cashewkerne','','35',5,'87704052025161450.jpg',1,'2025-05-04 14:42:29'),(5349,'Erdnüsse','','35',5,'95504052025161540.jpg',1,'2025-05-04 14:42:33'),(5350,'schwarze Oliven','','35',5,'49104052025161631.jpg',1,'2025-08-25 07:01:21'),(5351,'Geröstete Rote Bete Chips','','35',5,'76004052025161718.jpg',1,'2025-05-04 14:42:37'),(5377,'Zuckermais','','33',5,'59713052025181334.jpg',1,'2025-08-25 07:01:24'),(5378,'süßer Kürbis','','33',5,'44813052025182009.jpg',1,'2025-08-25 07:01:14'),(5379,'Ingwer eingelegt','','33',5,'98013052025182217.jpg',1,'2025-05-13 15:22:17'),(5380,'Mandeln','','35',5,'46213052025182536.jpg',1,'2025-08-25 07:01:06'),(5381,'Granatapfel','','35',5,'31118062025163528.jpg',1,'2025-08-25 07:01:04'),(5382,'Bananenchips','','35',5,'43913052025183449.jpg',1,'2025-08-25 07:01:01'),(5383,'Kapern','','35',5,'50913052025183619.jpg',1,'2025-08-25 07:00:00'),(5384,'Ingwer eingelegt','','35',5,'55013052025184430.jpg',1,'2025-08-25 07:00:02'),(5385,'Ingwer eingelegt','','33',4,'94131052025205026.jpg',1,'2025-08-25 07:00:05'),(5386,'Ingwer eingelegt','','35',4,'59531052025205155.jpg',1,'2025-08-25 07:00:07'),(5387,'Kapern','','35',4,'12231052025205244.jpg',1,'2025-08-25 07:00:10'),(5388,'Bananenchips','','35',4,'29231052025205338.jpg',1,'2025-08-25 07:00:12'),(5389,'Granatapfel','','35',4,'75918062025163624.jpg',1,'2025-08-25 07:00:14'),(5390,'Mandeln','','35',4,'84831052025205837.jpg',1,'2025-08-25 07:00:17'),(5391,'Ingwer-Sauce','','34',4,'57204062025181657.jpg',1,'2025-08-25 07:00:20'),(5392,'süßer Kürbis','','33',4,'47704062025182651.jpg',1,'2025-08-25 07:00:26'),(5393,'süßer Kürbis','','33',4,'88204062025183804.jpg',1,'2025-08-25 07:00:24'),(5394,'Zuckermais','','33',9,'34404062025183901.jpg',1,'2025-08-25 07:00:28'),(5395,'Ingwer eingelegt','','35',7,'59904062025185746.jpg',1,'2025-08-25 07:00:31'),(5396,'Kapern','','35',7,'27404062025185839.jpg',1,'2025-08-25 07:00:33'),(5397,'Bananenchips','','35',7,'86604062025185927.jpg',1,'2025-08-25 07:00:35'),(5398,'Granatapfel','','35',7,'16018062025163304.jpg',1,'2025-08-25 07:00:37'),(5399,'Mandeln','','35',7,'74104062025190148.jpg',1,'2025-08-25 07:00:39'),(5400,'Zuckermais','','33',7,'62204062025190827.jpg',1,'2025-08-25 07:00:42'),(5401,'süßer Kürbis','','33',7,'48904062025191045.jpg',1,'2025-08-25 07:00:44'),(5402,'süßer Kürbis','','33',1,'28507062025201328.jpg',1,'2025-08-25 07:00:47'),(5403,'süßer Kürbis','','33',1,'29907062025201328.jpg',1,'2025-08-25 07:00:52'),(5404,'Ingwer-Sauce','','34',1,'64907062025201555.jpg',1,'2025-08-25 07:00:54'),(5405,'Ingwer-Sauce','','34',1,'45907062025204746.jpg',1,'2025-08-25 07:00:58'),(5406,'Zuckermais','','33',4,'51418062025181747.jpg',1,'2025-08-25 06:59:47'),(5407,'Zuckermais','','33',1,'27818062025181830.jpg',1,'2025-08-25 06:59:45'),(5408,'Zuckermais','','33',6,'29718062025181853.jpg',1,'2025-08-25 06:59:43');
/*!40000 ALTER TABLE `builder_menu_product` ENABLE KEYS */;
UNLOCK TABLES;

LOCK TABLES `category` WRITE;
/*!40000 ALTER TABLE `category` DISABLE KEYS */;
/*!40000 ALTER TABLE `category` ENABLE KEYS */;
UNLOCK TABLES;

LOCK TABLES `category_details` WRITE;
/*!40000 ALTER TABLE `category_details` DISABLE KEYS */;
INSERT INTO `category_details` VALUES (1,'Poke Bowls','85107042025160756.jpg','Bauen Sie Ihren eigenen Bowl','Gestalten Sie Ihren eigenen Bowl ganz nach Ihrem Geschmack! Wählen Sie Basis, Proteine, Toppings und Saucen. Frisch, individuell und lecker.');
/*!40000 ALTER TABLE `category_details` ENABLE KEYS */;
UNLOCK TABLES;

LOCK TABLES `content` WRITE;
/*!40000 ALTER TABLE `content` DISABLE KEYS */;
INSERT INTO `content` VALUES (1,'about','Willkommen bei Pok&eacute; Pao &ndash; Ihre Reise ins kulinarische Paradies!','  &lt;p&gt;Pok&eacute; Pao ist nicht nur ein Restaurant, sondern ein Erlebnis. Ausgezeichnet von der Europ&auml;ischen Pok&eacute; Bowl Akademie als Bestes Pok&eacute;-Lokal Deutschlands 2024, bringen wir die Aromen Hawaiis direkt auf Ihren Tisch. Unsere Mission ist es, Frische, Geschmack und gesunde Ern&auml;hrung in perfekter Harmonie zu vereinen.&lt;/p&gt;&lt;p&gt;Erleben Sie die Kunst, Ihren eigenen Pok&eacute; Bowl zu kreieren &ndash; mit sorgf&auml;ltig ausgew&auml;hlten Zutaten wie frischem Fisch, knackigem Gem&uuml;se und einzigartigen Toppings wie mariniertem Ingwer. Unsere Salate und Bowls bieten Ihnen endlose M&ouml;glichkeiten, sich kreativ auszuleben und gleichzeitig gesund zu genie&szlig;en.&lt;/p&gt;&lt;p&gt;Ob vor Ort, zum Mitnehmen oder per Lieferung &uuml;ber Lieferando, Wolt und Uber Eats &ndash; Pok&eacute; Pao ist Ihr Partner f&uuml;r frische, n&auml;hrstoffreiche und unvergleichlich k&ouml;stliche Mahlzeiten. Entdecken Sie den Geschmack Hawaiis und lassen Sie sich von der Qualit&auml;t und Leichtigkeit unserer Gerichte begeistern!&lt;/p&gt;',2,'about');
/*!40000 ALTER TABLE `content` ENABLE KEYS */;
UNLOCK TABLES;

LOCK TABLES `gallery` WRITE;
/*!40000 ALTER TABLE `gallery` DISABLE KEYS */;
INSERT INTO `gallery` VALUES (17,'19109022025110038.jpg');
/*!40000 ALTER TABLE `gallery` ENABLE KEYS */;
UNLOCK TABLES;

LOCK TABLES `lang` WRITE;
/*!40000 ALTER TABLE `lang` DISABLE KEYS */;
INSERT INTO `lang` VALUES (2,'https://wa.me/380956257835','social'),(3,'https://www.instagram.com/poke_pao?utm_source=qr&amp;igsh=d24wMmg3ZjFlM296','social'),(4,'https://www.tiktok.com/@poke_pao_hamburg?_t=ZN-8vDaSxQrpyg&amp;_r=1','social'),(6,'040 36939098','header'),(7,'Copyright 2025. All Right Reserved','footer'),(8,'Copyright 2025. All Right Reserved','footer'),(9,'pokepaopaohh@gmail.com&lt;br&gt;040 36939098','footer'),(10,'PokePao','header'),(11,'Lieferung bestellen','home'),(12,'https://www.lieferando.de/speisekarte/poke-pao','home'),(13,'Schnelle Lieferung in wenigen Minuten','home'),(14,'Zum Mitnehmen vorbestellen ','home'),(15,'Essen zum Mitnehmen bestellen','home'),(16,'Im Caf&eacute; bestellen','home'),(17,'Ich m&ouml;chte hier essen','home'),(18,'Ihr tropisches Geschmackserlebnis','home'),(19,'Mittagsbowl 9,50','home'),(20,'Reservierungsformular','home'),(21,'Herzlich Willkommen! Reservieren Sie jetzt Ihren Tisch und genie&szlig;en Sie eine sch&ouml;ne Zeit bei uns. ','home'),(22,'Vor- und Nachname','home'),(23,'Vor- und Nachname','home'),(24,'Datum','home'),(25,'Datum','home'),(26,'Anzahl der Personen','home'),(27,'Uhrzeit','home'),(28,'Reservierung','home'),(29,'Vielen Dank, Ihre Bewerbung wurde versendet','home'),(30,'040 36939098','contacts'),(31,'','contacts'),(32,'','contacts'),(33,'','contacts'),(34,'Fuhlsb&uuml;ttler Stra&szlig;e 328, Hamburg','contacts'),(35,'','contacts'),(36,' Rabatt bei Online-Bestellung!','home'),(37,'Zum Mitnehmen vorbestellen ','home'),(38,'10 %','home');
/*!40000 ALTER TABLE `lang` ENABLE KEYS */;
UNLOCK TABLES;

LOCK TABLES `menu_items` WRITE;
/*!40000 ALTER TABLE `menu_items` DISABLE KEYS */;
INSERT INTO `menu_items` VALUES (1,'Thunfisch-Traum mit Reis','<div bis_skin_checked=\"1\"><span style=\"font-weight: bold;\">Protein:</span> Thunfisch</div><div bis_skin_checked=\"1\"><div bis_skin_checked=\"1\"><span style=\"font-weight: bold;\">Marinade:</span> Lanai (mit Soja, Knoblauch)</div><div bis_skin_checked=\"1\"><span style=\"font-weight: bold;\">Frische Zutaten:</span> Avocado, Gurke, Kirschtomaten, Mango, Edamame</div><div bis_skin_checked=\"1\"><span style=\"font-weight: bold;\">Sauce: </span>Soja-Sesamsauce</div><div bis_skin_checked=\"1\"><span style=\"font-weight: bold;\">Toppings: </span>Sesam, Granatapfel, Nori</div><div bis_skin_checked=\"1\"><span style=\"font-weight: bold;\">Allergene:</span> Fisch, Soja, Sesam, Ei, Knoblauch</div></div>',9.90,15.90,'Poke Bowls','17225092025190429.png',1,'2025-03-15 13:40:33'),(2,'Hähnchen-Harmonie mit Reis','<p><span style=\"font-weight: bold;\">Protein: </span>Hähnchen</p><p><span style=\"font-weight: bold;\">Marinade: </span>Gozo (mit Knoblauch)</p><p><span style=\"font-weight: bold;\">Frische Zutaten: </span>Edamame, Süßkürbis, Kirschtomaten, Gurken</p><p><span style=\"font-weight: bold;\">Sauce:</span> Soja-Sesamsauce</p><p><span style=\"font-weight: bold;\">Toppings: </span>geröstete Zwiebeln, Erdnüsse, Frühlingszwiebeln</p><p><span style=\"font-weight: bold;\">Allergene:</span> Sesam, Soja, Ei, Schalenfrüchte (Cashewkerne), Knoblauch</p>',9.50,14.70,'Poke Bowls','29825092025190445.png',2,'2025-03-16 10:20:58'),(5,'Lachs-Lust mit Quinoa','<p><span style=\"font-weight: bold;\">Protein:</span> Lachs</p><p><span style=\"font-weight: bold;\">Marinade: </span>Gozo (mit Knoblauch)</p><p><span style=\"font-weight: bold;\">Frische Zutaten:</span> Kirschtomaten, Mango, Kimchi, Edamame</p><p><span style=\"font-weight: bold;\">Sauce: </span>Teriyaki</p><p><span style=\"font-weight: bold;\">Toppings: </span>Schwarze Oliven, Sonnenblumenkerne, Frühlingszwiebeln</p><p><span style=\"font-weight: bold;\">Allergene:</span> Fisch, Soja, Sesam, Knoblauch</p>',9.90,15.90,'Poke Bowls','60025092025190500.png',5,'2025-03-25 12:42:42'),(15,'Falafel-Freude mit Quinoa','<p><span style=\"font-weight: bold;\">Protein: </span>Falafel</p><p><span style=\"font-weight: bold;\">Marinade:</span> Capri  (tomatig, mittelscharf)</p><p><span style=\"font-weight: bold;\">Frische Zutaten:</span> Gurke, Süßkürbis, Karotte, Kimchi </p><p><span style=\"font-weight: bold;\">Sauce:</span> Mangodill</p><p><span style=\"font-weight: bold;\">Toppings: </span>Schwarze Oliven, Kürbiskerne, Zuckermais</p><p><span style=\"font-weight: bold;\">Allergene: </span>Soja, Ei, Knoblauch, Hülsenfrüchte (Kichererbsen), Schalenfrüchte (Mandeln)</p>',9.50,14.70,'Poke Bowls','12225092025190515.png',15,'2025-03-25 12:46:34'),(17,'Garnelen-Genuss mit Reis','<p><span style=\"font-weight: bold;\">Protein:</span> Garnelen</p><p><span style=\"font-weight: bold;\">Marinade:</span> Gozo (mit Knoblauch)</p><p><span style=\"font-weight: bold;\">Frische Zutaten: </span>Zuckermais, Gelber Rettich, Gurke, Karotte</p><p><span style=\"font-weight: bold;\">Sauce:</span> Kimchi Sriracha</p><p><span style=\"font-weight: bold;\">Toppings:</span> Kürbiskerne, Erdnüsse, Ingwer eingelegt</p><p><span style=\"font-weight: bold;\">Allergene:</span> Krebstiere, Sesam, Soja, Ei, Erdnüsse, Knoblauch</p>',9.90,15.90,'Poke Bowls','16225092025190529.png',17,'2025-03-16 12:58:18'),(19,'Garnelen-Genuss mit Quinoa','<p><span style=\"font-weight: bold;\">Protein:</span> Garnelen</p><p><span style=\"font-weight: bold;\">Marinade:</span> Gozo (mit Knoblauch)</p><p><span style=\"font-weight: bold;\">Frische Zutaten: </span>Zuckermais, Gelber Rettich, Gurke, Karotte</p><p><span style=\"font-weight: bold;\">Sauce:</span> Kimchi Sriracha</p><p><span style=\"font-weight: bold;\">Toppings:</span> Kürbiskerne, Erdnüsse, Ingwer eingelegt</p><p><span style=\"font-weight: bold;\">Allergene:</span> Krebstiere, Sesam, Soja, Ei, Erdnüsse, Knoblauch</p>',9.90,15.90,'Poke Bowls','91925092025190544.png',19,'2025-03-25 12:52:19'),(20,'Falafel-Freude mit Reis','<p><span style=\"font-weight: bold;\">Protein: </span>Falafel</p><p><span style=\"font-weight: bold;\">Marinade:</span> Capri  (tomatig, mittelscharf)</p><p><span style=\"font-weight: bold;\">Frische Zutaten:</span> Gurke, Süßkürbis, Karotte, Kimchi </p><p><span style=\"font-weight: bold;\">Sauce:</span> Mangodill</p><p><span style=\"font-weight: bold;\">Toppings: </span>Schwarze Oliven, Kürbiskerne, Zuckermais</p><p><span style=\"font-weight: bold;\">Allergene: </span>Soja, Ei, Knoblauch, Hülsenfrüchte (Kichererbsen), Schalenfrüchte (Mandeln)</p>',9.50,14.70,'Poke Bowls','65125092025190405.png',20,'2025-03-16 13:32:28'),(21,'Wrap mit Hähnchen','<p>Ein herzhafter Wrap mit zartem Hähnchen, frischem Gemüse und einer cremigen Sauce</p><p><span style=\"font-weight: bold;\">Allergene:</span> Gluten, Soja, Sesam, Ei, Knoblauch</p>',9.70,NULL,'Wraps','22716032025154140.jpg',21,'2025-03-16 13:41:40'),(22,'Wrap mit Lachs','<p>Ein leichter Wrap mit saftigem Lachs, knackigem Gemüse und einer würzigen Sauce</p><p><span style=\"font-weight: bold;\">Allergene: </span>Gluten, Fisch, Soja, Sesam, Ei, Knoblauch</p>',9.70,NULL,'Wraps','23316032025154428.jpg',22,'2025-03-16 13:44:28'),(23,'Wrap mit unglaublich leckerem Tofu ','<p>Eine vegane Option mit unglaublich leckerem Tofu, frischem Gemüse und cremiger Sauce</p><p><span style=\"font-weight: bold;\">Allergene:</span> Gluten, Soja, Sesam, Ei, Knoblauch</p>',9.70,0.00,'Wraps',NULL,23,'2025-03-16 13:51:56'),(24,'Lachs-Lust mit Reis','<p><span style=\"font-weight: bold;\">Protein:</span> Lachs</p><p><span style=\"font-weight: bold;\">Marinade: </span>Gozo (mit Knoblauch)</p><p><span style=\"font-weight: bold;\">Frische Zutaten:</span> Kirschtomaten, Mango, Kimchi, Edamame</p><p><span style=\"font-weight: bold;\">Sauce: </span>Teriyaki</p><p><span style=\"font-weight: bold;\">Toppings: </span>Schwarze Oliven, Sonnenblumenkerne, Frühlingszwiebeln</p><p><span style=\"font-weight: bold;\">Allergene:</span> Fisch, Soja, Sesam, Knoblauch</p>',9.90,15.90,'Poke Bowls','11225092025190344.png',24,'2025-03-16 13:01:37'),(25,'Tofu-Triumph mit Reis','<p><span style=\"font-weight: bold;\">Protein:</span> Tofu</p><p><span style=\"font-weight: bold;\">Marinade: </span>Capri  (tomatig, mittelscharf)</p><p><span style=\"font-weight: bold;\">Frische Zutaten: </span>Spinat, Süßkartoffel, Kirschtomaten, Zuckermais</p><p><span style=\"font-weight: bold;\">Sauce: </span>Kimchi Sriracha</p><p><span style=\"font-weight: bold;\">Toppings: </span>Ingwer eingelegt, Frühlingszwiebeln, Geröstete Zwiebeln </p><p><span style=\"font-weight: bold;\">Allergene: </span>Soja, Ei, Knoblauch</p>',9.50,14.70,'Poke Bowls','69125092025190325.png',25,'2025-03-16 13:27:04'),(26,'Açaí Bowl','<p>Ein erfrischender und gesunder Superfood-Dessert mit fruchtigem Açaí und exotischen Toppings</p><p><span style=\"font-weight: bold;\">Allergene:</span> Schalenfrüchte (Kokos), Chiasamen</p>',12.70,0.00,'Desserts','55717032025130827.jpg',26,'2025-03-17 11:08:27'),(30,'Mandeln in weißer Schokolade mit Kokos  ','<p>Knackige Mandeln umhüllt von cremiger weißer Schokolade und feinen Kokosraspeln</p><p><span style=\"font-weight: bold;\">Allergene:</span> Schalenfrüchte (Mandeln, Kokos), Milch</p>',3.90,0.00,'Desserts','15217032025132953.jpg',30,'2025-03-17 11:29:53'),(31,'Frühlingsrollen (12 Stück)','<p>Knusprig, aus dem Airfryer, mit Gemüse & Teriyaki-Sauce – ideal zum Teilen</p><p><span style=\"font-weight: bold;\">Allergene:</span> Weizen (Gluten), Sesam, Soja</p>',7.50,0.00,'Vorspeisen','60717032025134102.jpg',31,'2025-03-17 11:41:02'),(32,'Green-Salat','<p>Ein leichter, vitaminreicher Salat mit frischem Gemüse und einer aromatischen Sauce</p><p><span style=\"font-weight: bold;\">Allergene: </span>Soja, Sesam, Ei, Knoblauch</p>',9.70,0.00,'Vorspeisen','60017032025134507.jpg',32,'2025-03-17 11:45:07'),(33,'Wrap mit Falafel','<p>Ein würziger Wrap mit hausgemachtem Falafel, frischem Gemüse und einer aromatischen Sauce</p><p><span style=\"font-weight: bold;\">Allergene: </span>Gluten, Soja, Sesam, Ei, Knoblauch, Hülsenfrüchte</p>',9.70,0.00,'Wraps','74217032025134725.jpg',33,'2025-03-17 11:47:25'),(34,'Tofu-Salat','<p>Ein frischer und nahrhafter Salat mit unglaublich leckerem Tofu, buntem Gemüse und einer cremigen Sauce</p><p><span style=\"font-weight: bold;\">Allergene:</span> Soja, Sesam, Ei, Knoblauch</p>',12.70,0.00,'Vorspeisen','80217032025134948.jpg',34,'2025-03-17 11:49:48'),(35,'Hähnchen-Salat','<p>Ein proteinreicher Salat mit zartem Hähnchen, knackigem Gemüse und einer würzigen Sauce</p><p><span style=\"font-weight: bold;\">Allergene:</span> Soja, Sesam, Ei, Knoblauch</p>',12.70,0.00,'Vorspeisen','60017032025135239.jpg',35,'2025-03-17 11:52:39'),(36,'Zarte Hähnchenstreifen (150g) ','<p>Saftige, aromatische Hähnchenstreifen in einer köstlichen Marinade, perfekt gegart im Airgrill für eine gesunde Zubereitung</p><p><span style=\"font-weight: bold;\">Marinade: </span>Mit Sojasauce und Teriyaki verfeinert</p><p><span style=\"font-weight: bold;\">Allergene:</span> Soja, Sesam, Knoblauch</p>',5.70,0.00,'Vorspeisen','23317032025135653.jpg',36,'2025-03-17 11:56:53'),(37,'Wakame-Salat (100g)','<p>Erfrischender, leicht würziger Algensalat mit einem Hauch Sesam. Perfekt als gesunde Beilage</p><p><span style=\"font-weight: bold;\">Allergene:</span> Sesam, Soja</p>',3.90,0.00,'Vorspeisen','92417032025140016.jpg',37,'2025-03-17 12:00:16'),(38,'Grüner Tropensturm','<p>Spinat, Banane, Ananas, Mango, Minze, Apfel</p>',5.50,0.00,'Getränke','67217032025165311.jpg',38,'2025-03-17 14:53:11'),(39,'Goldene  Paradieswelle','<p>Ananas, Mango, Apfel, Banane, Maracuja, Orange</p>',5.50,0.00,'Getränke','91017032025165651.jpg',39,'2025-03-17 14:56:51'),(41,'Kokosnuss in Vollmilchschokolade  ','<p>Feine Kokosnuss umhüllt von zartschmelzender Vollmilchschokolade</p><p><span style=\"font-weight: bold;\">Allergene:</span> Schalenfrüchte (Kokos), Milch</p>',3.90,0.00,'Desserts','62617032025132639.jpg',41,'2025-03-17 11:26:39'),(42,'Kokoskugel Deluxe ','<p>Zarte Kokospraline mit Vanille und gesüßter Kondensmilch</p><p><span style=\"font-weight: bold;\">Allergene: </span>Schalenfrüchte (Kokos), Milch</p>',1.90,0.00,'Desserts','35317032025131444.jpg',42,'2025-03-17 11:14:44'),(45,'Vitaminwunder','<p>Orange, Apfel, Karotte, Kürbis, Ananas, Mango</p>',5.50,0.00,'Getränke','69717032025175940.jpg',45,'2025-03-17 15:59:40'),(46,'Lila  Energieboost','<p>Acai, Banane, Himbeeren, Brombeeren, Blaubeeren, schwarze Johannisbeeren, Orange</p>',5.50,0.00,'Getränke','42817032025180237.jpg',46,'2025-03-17 16:02:37'),(47,'Peroni Nastro Azzurro','<p>Leichtes alkoholfreies italienisches Premium - Bier mit feiner Zitrusnote</p>',3.50,0.00,'Getränke','66317032025181558.jpg',47,'2025-03-17 16:05:46'),(48,'Beck \'s Blue','<p>Erfrischendes alkoholfreies Biermit leichtem Malz - und Hopfengeschmack</p>',3.50,0.00,'Getränke','56117032025181608.jpg',48,'2025-03-17 16:14:32'),(49,'Heineken','<p>frisches alkoholfreies Qualitätsbier</p>',3.50,0.00,'Getränke','95717032025181736.jpg',49,'2025-03-17 16:17:36'),(50,'Martini Eleganz','<p>Erfrischender Mocktail mit alkoholfreiem Martini, spritzigem Schweppes und frischen Beeren – einfruchtig - herber Genuss</p>',5.50,0.00,'Getränke','10517032025182015.jpg',50,'2025-03-17 16:20:15'),(51,'Mandelmagie','<p>Erfrischender Mocktail mit alkoholfreiem Amaretto, Zitrusfrüchten und Minze</p>',5.50,0.00,'Getränke','15817032025182220.jpg',51,'2025-03-17 16:22:20'),(52,'KAFFEE','<p><br></p><p><br></p>',2.90,0.00,'Getränke','59417032025182607.jpg',52,'2025-03-17 16:26:07'),(53,'ESPRESSO','<p><br></p>',2.90,0.00,'Getränke','45217032025182743.jpg',53,'2025-03-17 16:27:43'),(54,'CAPPUCCINO','<p><br></p>',3.90,0.00,'Getränke','96717032025182912.jpg',54,'2025-03-17 16:29:12'),(55,'LATTE MACCHIATO','<p><br></p>',3.90,0.00,'Getränke','33918032025134434.jpg',55,'2025-03-17 16:30:56'),(56,'FRITZ-KOLA ','<p>1. Classic light ohne Zuker</p><p>2. Original </p><p>3. Orange </p><p>4. Honigmelone</p><p>5. Apfel-Kirsch-Holunder</p>',2.90,0.00,'Getränke','69917032025183322.jpg',56,'2025-03-17 16:33:22'),(57,'TEESPEZIALITÄTEN ','<p>Kokostraum</p>',3.90,0.00,'Getränke','93317032025183849.jpg',57,'2025-03-17 16:38:49'),(58,'TEESPEZIALITÄTEN ','<p>Ingwer-Lemongras</p>',3.90,0.00,'Getränke','73517032025183935.jpg',58,'2025-03-17 16:39:35'),(59,'Stilles Wasser ','<p>0.5l</p>',2.90,0.00,'Getränke','89417032025184229.jpg',59,'2025-03-17 16:42:29'),(60,'Sprudel wasser ','<p>0.5l</p>',2.90,0.00,'Getränke','22417032025184355.jpg',59,'2025-03-17 16:43:55'),(63,'Tofu-Triumph mit Quinoa','<p><span style=\"font-weight: bold;\">Protein:</span> Tofu</p><p><span style=\"font-weight: bold;\">Marinade: </span>Capri  (tomatig, mittelscharf)</p><p><span style=\"font-weight: bold;\">Frische Zutaten: </span>Spinat, Süßkartoffel, Kirschtomaten, Zuckermais</p><p><span style=\"font-weight: bold;\">Sauce: </span>Kimchi Sriracha</p><p><span style=\"font-weight: bold;\">Toppings: </span>Ingwer eingelegt, Frühlingszwiebeln, Geröstete Zwiebeln </p><p><span style=\"font-weight: bold;\">Allergene: </span>Soja, Ei, Knoblauch</p>',9.50,14.70,'Poke Bowls','61625092025190247.png',63,'2025-03-25 12:24:30'),(66,'Thunfisch-Traum mit Quinoa','<div bis_skin_checked=\"1\"><span style=\"font-weight: bold;\">Protein:</span> Thunfisch</div><div bis_skin_checked=\"1\"><div bis_skin_checked=\"1\"><span style=\"font-weight: bold;\">Marinade:</span> Lanai (mit Soja, Knoblauch)</div><div bis_skin_checked=\"1\"><span style=\"font-weight: bold;\">Frische Zutaten:</span> Avocado, Gurke, Kirschtomaten, Mango, Edamame</div><div bis_skin_checked=\"1\"><span style=\"font-weight: bold;\">Sauce: </span>Soja-Sesamsauce</div><div bis_skin_checked=\"1\"><span style=\"font-weight: bold;\">Toppings: </span>Sesam, Granatapfel, Nori</div><div bis_skin_checked=\"1\"><span style=\"font-weight: bold;\">Allergene:</span> Fisch, Soja, Sesam, Ei, Knoblauch</div></div>',9.90,15.90,'Poke Bowls','26925092025190004.png',66,'2025-03-25 12:29:54'),(69,'Hähnchen-Harmonie mit Quinoa','<p><span style=\"font-weight: bold;\">Protein: </span>Hähnchen</p><p><span style=\"font-weight: bold;\">Marinade: </span>Gozo (mit Knoblauch)</p><p><span style=\"font-weight: bold;\">Frische Zutaten: </span>Edamame, Süßkürbis, Kirschtomaten, Gurken</p><p><span style=\"font-weight: bold;\">Sauce:</span> Soja-Sesamsauce</p><p><span style=\"font-weight: bold;\">Toppings: </span>geröstete Zwiebeln, Erdnüsse, Frühlingszwiebeln</p><p><span style=\"font-weight: bold;\">Allergene:</span> Sesam, Soja, Ei, Schalenfrüchte (Cashewkerne), Knoblauch</p>',9.50,14.70,'Poke Bowls','13514102025160437.png',69,'2025-03-25 12:48:15'),(71,'Vitamins Bowl','<p>Leicht, unglaublich lecker und voller Vitamine — unser Vitamins Bowl ist der perfekte Energieschub für den Arbeitstag. Frisches Gemüse und hausgemachtes Dressing sorgen für Genuss, Leichtigkeit und klare Gedanken — wahlweise als Mini für den kleinen Hunger oder in der großen Portion für volle Power!</p>',5.70,8.90,'Poke Bowls','87225092025191522.png',70,'2025-09-25 16:15:22'),(72,'Mittags Bowl mit Hähnchen ','<p>Groß, lecker, sattigend: zartes Hähnchen auf Reis. Mit unserer köstlichen Signature-Sauce und aromatischer Signatute-Marinade, dazu Tomaten, Gurke, Spinat, Kimchi, Karotte, Zucchini, Röstzwiebeln und Frühlingszwiebeln (Montag bis Freitag, 12:00-15:00).</p>',6.90,9.70,'Poke Bowls','12125092025192033.png',72,'2025-09-25 16:19:46'),(73,'Mittags Bowl mit Tofu','<p>Groß, lecker, sattigend: weicher, unglaublich schmackhafter Tofu auf Reis. Mit unserer köstlichen Signature-Sauce und aromatischer Signatute-Marinade, dazu Tomaten, Gurke, Spinat, Kimchi, Karotte, Zucchini, Röstzwiebeln und Frühlingszwiebeln (Montag bis Freitag, 12:00-15:00).</p>',6.90,9.70,'Poke Bowls','12525092025193433.jpg',72,'2025-09-25 16:34:33');
/*!40000 ALTER TABLE `menu_items` ENABLE KEYS */;
UNLOCK TABLES;

LOCK TABLES `order_items` WRITE;
/*!40000 ALTER TABLE `order_items` DISABLE KEYS */;
INSERT INTO `order_items` VALUES (17,7,17,'Garnelen-Genuss',15.90,1),(18,7,24,'Lachs-Lust',15.90,1),(19,7,37,'Wakame-Salat (100g)',3.90,1),(20,8,1,'Thunfisch-Traum',9.90,1),(21,8,25,'Tofu-Triumph',9.50,1),(22,9,16,'Hähnchen-Harmonie',9.50,1),(23,10,20,'Falafel-Freude',14.70,1),(24,10,17,'Garnelen-Genuss',15.90,1),(25,11,1,'Thunfisch-Traum',9.90,1),(26,12,16,'Hähnchen-Harmonie',9.50,1),(27,13,21,'Wrap mit Hähnchen',9.70,1),(28,14,21,'Wrap mit Hähnchen',9.70,1),(29,15,21,'Wrap mit Hähnchen',9.70,1),(30,16,21,'Wrap mit Hähnchen',9.70,1),(31,17,21,'Wrap mit Hähnchen',9.70,1),(32,18,21,'Wrap mit Hähnchen',9.70,2),(33,19,21,'Wrap mit Hähnchen',9.70,1),(34,20,65,'Thunfisch-Traum mit Quinoa',9.90,1),(35,21,69,'Hähnchen-Harmonie mit Quinoa',14.70,1),(36,21,24,'Lachs-Lust mit Reis',15.90,1),(37,22,67,'Lachs-Lust mit Quinoa',15.90,1),(38,22,16,'Hähnchen-Harmonie mit Reis',14.70,2),(39,22,25,'Tofu-Triumph mit Reis',9.50,1),(40,23,68,'Falafel-Freude mit Quinoa',9.50,1),(41,23,24,'Lachs-Lust mit Reis',9.90,1),(42,24,1,'Thunfisch-Traum mit Reis',9.90,1),(43,25,69,'Hähnchen-Harmonie mit Quinoa',14.70,1),(44,25,16,'Hähnchen-Harmonie mit Reis',14.70,1),(49,27,16,'Hähnchen-Harmonie mit Reis',9.50,1),(50,28,16,'Hähnchen-Harmonie mit Reis',14.70,2),(51,28,20,'Falafel-Freude mit Reis',14.70,1),(52,29,25,'Tofu-Triumph mit Reis',14.70,1),(53,29,69,'Hähnchen-Harmonie mit Quinoa',14.70,1),(54,30,1,'Thunfisch-Traum mit Reis',15.90,1),(55,30,31,'Frühlingsrollen (12 Stück)',7.50,1),(56,30,37,'Wakame-Salat (100g)',3.90,1),(57,30,16,'Hähnchen-Harmonie mit Reis',14.70,1),(58,30,26,'Açaí Bowl',12.70,1),(59,31,24,'Lachs-Lust mit Reis',15.90,1),(60,32,16,'Hähnchen-Harmonie mit Reis',14.70,1),(61,32,70,'Garnelen-Genuss mit Quinoa',15.90,1),(62,33,20,'Falafel-Freude mit Reis',14.70,1),(63,33,16,'Hähnchen-Harmonie mit Reis',14.70,1),(64,33,56,'FRITZ-KOLA ',2.90,2),(65,34,69,'Hähnchen-Harmonie mit Quinoa',14.70,1),(66,34,17,'Garnelen-Genuss mit Reis',15.90,1),(67,35,68,'Falafel-Freude mit Quinoa',9.50,1),(68,36,1,'Thunfisch-Traum mit Reis',15.90,2),(69,37,1,'Thunfisch-Traum mit Reis',9.90,1),(70,37,16,'Hähnchen-Harmonie mit Reis',9.50,1),(71,38,16,'Hähnchen-Harmonie mit Reis',14.70,1),(72,38,24,'Lachs-Lust mit Reis',15.90,1),(73,39,65,'Thunfisch-Traum mit Quinoa',9.90,1),(74,39,67,'Lachs-Lust mit Quinoa',9.90,1),(75,39,37,'Wakame-Salat (100g)',3.90,2),(76,39,39,'Goldene  Paradieswelle',5.50,1),(77,40,24,'Lachs-Lust mit Reis',9.90,2),(78,41,24,'Lachs-Lust mit Reis',15.90,1),(79,41,68,'Falafel-Freude mit Quinoa',14.70,1),(80,42,68,'Falafel-Freude mit Quinoa',9.50,2),(81,42,37,'Wakame-Salat (100g)',3.90,1),(82,42,32,'Green-Salat',9.70,1),(83,42,38,'Grüner Tropensturm',5.50,1),(84,43,65,'Thunfisch-Traum mit Quinoa',15.90,1),(99,45,69,'Hähnchen-Harmonie mit Quinoa',9.50,1),(100,45,25,'Tofu-Triumph mit Reis',9.50,1),(101,46,69,'Hähnchen-Harmonie mit Quinoa',14.70,1),(102,46,67,'Lachs-Lust mit Quinoa',15.90,1),(103,46,33,'Wrap mit Falafel',9.70,1),(104,46,31,'Frühlingsrollen (12 Stück)',7.50,1),(105,47,2,'Wunsch Bowl mit Tofu',9.50,1),(106,47,5060,'Sushi-Reis ',0.00,1),(107,47,5064,'Capri',0.00,1),(108,47,5068,'Edamame ',0.00,1),(109,47,5069,'Gurke',0.00,1),(110,47,5070,'Avocado',0.00,1),(111,47,5071,'Rettich eingelegt',0.00,1),(112,47,5085,'Chili Mayo',0.00,1),(113,47,5090,'Kürbiskerne',0.00,1),(114,47,5091,'Sesam',0.00,1),(115,47,5092,'Frühlingszwiebeln',0.00,1),(116,47,17,'Falafel',3.70,1),(117,47,33,'Edamame ',1.00,1),(118,47,28,'Chili Mayo',0.60,1),(119,47,160,'Granatapfel',0.60,1),(120,48,6,'Wunsch Bowl mit Falafel',14.70,1),(121,48,5008,'Sushi-Reis ',0.00,2),(122,48,5024,'Capri',0.00,1),(123,48,5028,'Edamame ',0.00,1),(124,48,5030,'Avocado',0.00,1),(125,48,5034,'Süßkartoffel',0.00,1),(126,48,5029,'Gurke',0.00,1),(127,48,5043,'Trüffel Fusion',0.00,1),(128,48,5049,'Sonnenblumenkerne',0.00,1),(129,48,5056,'Cashewkerne',0.00,1),(130,48,5048,'Granatapfel',0.00,1),(131,49,4,'Wunsch Bowl mit Hähnchen',14.70,1),(132,49,5249,'Sushi-Reis ',0.00,1),(133,49,5254,'Gozo',0.00,1),(134,49,5257,'Edamame ',0.00,1),(135,49,5259,'Avocado',0.00,1),(136,49,5265,'Wakame Salat',0.00,1),(137,49,5266,'Mango',0.00,1),(138,50,24,'Lachs-Lust mit Reis',9.90,1),(139,51,4,'Wunsch Bowl mit Hähnchen',14.70,1),(140,51,5251,'Quinoa',0.00,1),(141,51,5254,'Gozo',0.00,1),(142,51,5257,'Edamame ',0.00,1),(143,51,5259,'Avocado',0.00,1),(144,51,5264,'Kirschtomaten',0.00,1),(145,51,5276,'Soja-Sesam',0.00,1),(146,51,5281,'Frühlingszwiebeln',0.00,1),(147,51,5286,'Erdnüsse',0.00,1),(148,51,5283,'Kokoschips',0.00,1),(149,52,38,'Grüner Tropensturm',5.50,1),(150,53,24,'Lachs-Lust mit Reis',9.90,2),(151,54,68,'Falafel-Freude mit Quinoa',9.50,1),(152,55,7,'Wunsch Bowl mit Lachs',15.90,2),(153,55,5123,'Sushi-Reis ',0.00,2),(154,55,5129,'Lanai ',0.00,2),(155,55,5133,'Avocado',0.00,2),(156,55,5137,'Süßkartoffel',0.00,2),(157,55,5139,'Wakame Salat',0.00,2),(158,55,5140,'Mango',0.00,2),(159,55,5150,'Soja-Sesam',0.00,1),(160,55,5154,'Sesam',0.00,2),(161,55,5158,'Nori',0.00,2),(162,55,5162,'Geröstete Rote Bete Chips',0.00,1),(163,55,5146,'Trüffel Fusion',0.00,1),(164,55,5155,'Frühlingszwiebeln',0.00,1),(165,56,1,'Thunfisch-Traum mit Reis',15.90,1),(166,56,16,'Hähnchen-Harmonie mit Reis',14.70,1),(167,57,4,'Wunsch Bowl mit Hähnchen',14.70,2),(168,57,5249,'Sushi-Reis ',0.00,1),(169,57,5255,'Lanai ',0.00,2),(170,57,5257,'Edamame ',0.00,2),(171,57,5258,'Gurke',0.00,2),(172,57,5259,'Avocado',0.00,1),(173,57,5266,'Mango',0.00,1),(174,57,5276,'Soja-Sesam',0.00,2),(175,57,5281,'Frühlingszwiebeln',0.00,2),(176,57,5286,'Erdnüsse',0.00,1),(177,57,5285,'Cashewkerne',0.00,1),(178,57,5250,'Couscous',0.00,1),(179,57,5260,'Rettich eingelegt',0.00,1),(180,57,5268,'Rote Zwiebeln',0.00,1),(181,57,5280,'Sesam',0.00,1),(182,57,5278,'Sonnenblumenkerne',0.00,1),(191,59,6,'Wunsch Bowl mit Falafel',9.50,1),(192,59,5009,'Couscous',0.00,1),(193,59,5026,'Lanai ',0.00,1),(194,59,5034,'Süßkartoffel',0.00,1),(195,59,5037,'Mango',0.00,1),(196,59,5032,'Karotte',0.00,1),(197,59,5029,'Gurke',0.00,1),(198,59,5045,'Chili Mayo',0.00,1),(199,59,5050,'Kürbiskerne',0.00,1),(200,59,5056,'Cashewkerne',0.00,1),(201,59,5051,'Sesam',0.00,1),(202,59,4,'Wunsch Bowl mit Hähnchen',9.50,1),(203,59,5249,'Sushi-Reis ',0.00,1),(204,59,5255,'Lanai ',0.00,1),(205,59,5258,'Gurke',0.00,1),(206,59,5268,'Rote Zwiebeln',0.00,1),(207,59,5264,'Kirschtomaten',0.00,1),(208,59,5261,'Karotte',0.00,1),(209,59,5276,'Soja-Sesam',0.00,1),(210,59,5278,'Sonnenblumenkerne',0.00,1),(211,59,5285,'Cashewkerne',0.00,1),(212,59,5288,'Geröstete Rote Bete Chips',0.00,1),(213,60,16,'Hähnchen-Harmonie mit Reis',14.70,1),(214,60,4,'Wunsch Bowl mit Hähnchen',14.70,1),(215,60,5251,'Quinoa',0.00,1),(216,60,5256,'Maui',0.00,1),(217,60,5257,'Edamame ',0.00,1),(218,60,5270,'Rote Bete',0.00,1),(219,60,5260,'Rettich eingelegt',0.00,1),(220,60,5267,'Ananas',0.00,1),(221,60,5274,'Chili Mayo',0.00,2),(222,60,5281,'Frühlingszwiebeln',0.00,1),(223,60,5279,'Kürbiskerne',0.00,1),(224,60,5278,'Sonnenblumenkerne',0.00,1),(225,60,30,'Kimchi Sriracha',0.60,1),(226,60,6,'Wunsch Bowl mit Falafel',14.70,1),(227,60,5010,'Quinoa',0.00,1),(228,60,5025,'Gozo',0.00,1),(229,60,5028,'Edamame ',0.00,1),(230,60,5034,'Süßkartoffel',0.00,1),(231,60,5041,'Rote Bete',0.00,1),(232,60,5039,'Rote Zwiebeln',0.00,1),(233,60,5042,'Rucola-Sauce',0.00,1),(234,60,5050,'Kürbiskerne',0.00,1),(235,60,5052,'Frühlingszwiebeln',0.00,1),(236,60,5051,'Sesam',0.00,1),(237,60,38,'süßes rotes Kimchi',1.00,1),(238,60,31,'Soja-Sesam',0.60,1),(239,60,21,'Wrap mit Hähnchen',9.70,1),(240,61,23,'Wrap mit unglaublich leckerem Tofu ',9.70,1),(241,62,25,'Tofu-Triumph mit Reis',14.70,1),(242,63,1,'Thunfisch-Traum mit Reis',15.90,1),(243,63,65,'Thunfisch-Traum mit Quinoa',9.90,1),(244,64,65,'Thunfisch-Traum mit Quinoa',15.90,1),(245,64,1,'Thunfisch-Traum mit Reis',15.90,1),(246,64,16,'Hähnchen-Harmonie mit Reis',14.70,1),(247,65,2,'Wunsch Bowl mit Tofu',9.50,1),(248,65,5060,'Sushi-Reis ',0.00,1),(249,65,5066,'Lanai ',0.00,1),(250,65,5068,'Edamame ',0.00,1),(251,65,5069,'Gurke',0.00,1),(252,65,5070,'Avocado',0.00,1),(253,65,5077,'Mango',0.00,1),(254,65,5087,'Soja-Sesam',0.00,1),(255,65,5088,'Granatapfel',0.00,1),(256,65,5091,'Sesam',0.00,1),(257,65,5096,'Cashewkerne',0.00,1),(258,65,2,'Wunsch Bowl mit Tofu',14.70,1),(259,65,5060,'Sushi-Reis ',0.00,1),(260,65,5066,'Lanai ',0.00,1),(261,65,5068,'Edamame ',0.00,1),(262,65,5070,'Avocado',0.00,1),(263,65,5074,'Süßkartoffel',0.00,1),(264,65,5077,'Mango',0.00,1),(265,65,5087,'Soja-Sesam',0.00,1),(266,65,5088,'Granatapfel',0.00,1),(267,65,5091,'Sesam',0.00,1),(268,65,5096,'Cashewkerne',0.00,1),(269,65,2,'Wunsch Bowl mit Tofu',9.50,1),(270,65,5060,'Sushi-Reis ',0.00,1),(271,65,5064,'Capri',0.00,1),(272,65,5068,'Edamame ',0.00,1),(273,65,5070,'Avocado',0.00,1),(274,65,5075,'Kirschtomaten',0.00,1),(275,65,5077,'Mango',0.00,1),(276,65,5084,'Mango-Dill',0.00,1),(277,65,5088,'Granatapfel',0.00,1),(278,65,5093,'Kokosraspeln',0.00,1),(279,65,5096,'Cashewkerne',0.00,1),(280,65,2,'Wunsch Bowl mit Tofu',14.70,1),(281,65,5060,'Sushi-Reis ',0.00,1),(282,65,5066,'Lanai ',0.00,1),(283,65,5068,'Edamame ',0.00,1),(284,65,5070,'Avocado',0.00,1),(285,65,5075,'Kirschtomaten',0.00,1),(286,65,5081,'Rote Bete',0.00,1),(287,65,5083,'Trüffel Fusion',0.00,1),(288,65,5088,'Granatapfel',0.00,1),(289,65,5091,'Sesam',0.00,1),(290,65,5096,'Cashewkerne',0.00,1),(291,66,1,'Thunfisch-Traum mit Reis',9.90,1),(292,66,2,'Wunsch Bowl mit Tofu',9.50,1),(293,66,5060,'Reis ',0.00,1),(294,66,5065,'Gozo',0.00,1),(295,66,5069,'Gurke',0.00,1),(296,66,5070,'Avocado',0.00,1),(297,66,5071,'Rettich eingelegt',0.00,1),(298,66,5072,'Karotte',0.00,1),(299,66,5085,'Chili Mayo',0.00,1),(300,66,5090,'Kürbiskerne',0.00,1),(301,66,5091,'Sesam',0.00,1),(302,66,5089,'Sonnenblumenkerne',0.00,1),(303,66,34,'Gurke',1.00,1),(304,66,164,'Frühlingszwiebeln',0.60,1),(305,67,7,'Wunsch Bowl mit Lachs',9.90,1),(306,67,5123,'Reis ',0.00,1),(307,67,5128,'Gozo',0.00,1),(308,67,5133,'Avocado',0.00,1),(309,67,5400,'Zuckermais',0.00,1),(310,67,5132,'Gurke',0.00,1),(311,67,5136,'süßes rotes Kimchi ',0.00,1),(312,67,5145,'Teriyaki-Sauce',0.00,1),(313,67,5155,'Frühlingszwiebeln',0.00,1),(314,67,5159,'Cashewkerne',0.00,1),(315,67,5152,'Sonnenblumenkerne',0.00,1),(316,67,15,'Lachs',3.70,1),(317,67,37,'Wakame-Salat (100g)',3.90,1),(318,67,24,'Lachs-Lust mit Reis',9.90,1),(319,68,65,'Thunfisch-Traum mit Quinoa',9.90,2),(320,68,68,'Falafel-Freude mit Quinoa',9.50,1),(321,69,5125,'Quinoa',0.00,1),(322,69,5129,'Lanai ',0.00,1),(323,69,5131,'Edamame ',0.00,1),(324,69,7,'Wunsch Bowl mit Lachs',15.90,1),(325,69,5125,'Quinoa',0.00,1),(326,69,5129,'Lanai ',0.00,1),(327,69,5131,'Edamame ',0.00,1),(328,69,5133,'Avocado',0.00,1),(329,69,5137,'Süßkartoffel',0.00,1),(330,69,5140,'Mango',0.00,1),(331,69,5150,'Soja-Sesam',0.00,1),(332,69,5154,'Sesam',0.00,1),(333,69,5155,'Frühlingszwiebeln',0.00,1),(334,69,5156,'Kokosraspeln',0.00,1),(335,70,67,'Lachs-Lust mit Quinoa',15.90,1),(336,70,1,'Thunfisch-Traum mit Reis',15.90,1),(337,71,67,'Lachs-Lust mit Quinoa',15.90,1),(338,72,4,'Wunsch Bowl mit Hähnchen',14.70,1),(339,72,5251,'Quinoa',0.00,1),(340,72,5255,'Lanai ',0.00,1),(341,72,5262,'süßes rotes Kimchi',0.00,1),(342,72,5270,'Rote Bete',0.00,1),(343,72,5269,'Spinat',0.00,1),(344,72,5268,'Rote Zwiebeln',0.00,1),(345,72,5276,'Soja-Sesam',0.00,1),(346,72,5277,'Granatapfel',0.00,1),(347,72,5285,'Cashewkerne',0.00,1),(348,72,5280,'Sesam',0.00,1),(349,72,13,'Hähnchen',3.70,1),(350,72,37,'Karotte',1.00,1),(351,72,35,'Avocado',1.00,1),(352,73,20,'Falafel-Freude mit Reis',14.70,1),(353,73,25,'Tofu-Triumph mit Reis',14.70,1),(354,74,24,'Lachs-Lust mit Reis',15.90,1),(355,74,16,'Hähnchen-Harmonie mit Reis',9.50,1),(356,75,9,'Wunsch Bowl mit Thunfisch ',9.90,1),(357,75,5186,'Reis ',0.00,1),(358,75,5192,'Lanai ',0.00,1),(359,75,5194,'Edamame ',0.00,1),(360,75,5196,'Avocado',0.00,1),(361,75,5202,'Wakame Salat',0.00,1),(362,75,5207,'Rote Bete',0.00,1),(363,75,5213,'Soja-Sesam',0.00,1),(364,75,5218,'Frühlingszwiebeln',0.00,1),(365,75,5217,'Sesam',0.00,1),(366,75,5221,'Nori',0.00,1),(367,76,6,'Wunsch Bowl mit Falafel',14.70,1),(368,76,5010,'Quinoa',0.00,1),(369,76,5026,'Lanai ',0.00,1),(370,76,5028,'Edamame ',0.00,1),(371,76,5030,'Avocado',0.00,1),(372,76,5041,'Rote Bete',0.00,1),(373,76,5040,'Spinat',0.00,1),(374,76,5043,'Trüffel Fusion',0.00,1),(375,76,5048,'Granatapfel',0.00,1),(376,76,5050,'Kürbiskerne',0.00,1),(377,76,5051,'Sesam',0.00,1),(378,76,188,'Ingwer eingelegt',0.60,1),(379,77,69,'Hähnchen-Harmonie mit Quinoa',9.50,1),(380,77,24,'Lachs-Lust mit Reis',15.90,1),(381,78,2,'Wunsch Bowl mit Tofu',14.70,1),(382,78,5060,'Reis ',0.00,1),(383,78,5066,'Lanai ',0.00,1),(384,78,5070,'Avocado',0.00,1),(385,78,5077,'Mango',0.00,1),(386,78,5069,'Gurke',0.00,1),(387,78,5068,'Edamame ',0.00,1),(388,78,5087,'Soja-Sesam',0.00,1),(389,78,5088,'Granatapfel',0.00,1),(390,78,5095,'Nori',0.00,1),(391,78,5091,'Sesam',0.00,1),(392,78,24,'Lachs-Lust mit Reis',15.90,1),(393,78,16,'Hähnchen-Harmonie mit Reis',14.70,1),(394,78,16,'Hähnchen-Harmonie mit Reis',9.50,1),(395,79,63,'Tofu-Triumph mit Quinoa',14.70,1),(396,80,31,'Frühlingsrollen (12 Stück)',7.50,1),(397,80,6,'Wunsch Bowl mit Falafel',14.70,1),(398,80,5009,'Couscous',0.00,1),(399,80,5024,'Capri',0.00,1),(400,80,5028,'Edamame ',0.00,1),(401,80,5029,'Gurke',0.00,1),(402,80,5034,'Süßkartoffel',0.00,1),(403,80,5408,'Zuckermais',0.00,1),(404,80,5045,'Chili Mayo',0.00,1),(405,80,5050,'Kürbiskerne',0.00,1),(406,80,5052,'Frühlingszwiebeln',0.00,1),(407,80,5058,'schwarze Oliven',0.00,1),(408,80,2,'Wunsch Bowl mit Tofu',14.70,1),(409,80,5060,'Reis ',0.00,1),(410,80,5065,'Gozo',0.00,1),(411,80,5068,'Edamame ',0.00,1),(412,80,5070,'Avocado',0.00,1),(413,80,5075,'Kirschtomaten',0.00,1),(414,80,5080,'Spinat',0.00,1),(415,80,5087,'Soja-Sesam',0.00,1),(416,80,5092,'Frühlingszwiebeln',0.00,1),(417,80,5096,'Cashewkerne',0.00,1),(418,80,5098,'schwarze Oliven',0.00,1),(419,80,46,'rote Bete',1.00,1),(420,81,65,'Thunfisch-Traum mit Quinoa',15.90,1),(421,81,16,'Hähnchen-Harmonie mit Reis',14.70,1),(422,81,37,'Wakame-Salat (100g)',3.90,1),(423,82,2,'Wunsch Bowl mit Tofu',9.50,1),(424,82,5062,'Quinoa',0.00,1),(425,82,5066,'Lanai ',0.00,1),(426,82,5068,'Edamame ',0.00,1),(427,82,5070,'Avocado',0.00,1),(428,82,5071,'Rettich eingelegt',0.00,1),(429,82,5077,'Mango',0.00,1),(430,82,5087,'Soja-Sesam',0.00,1),(431,82,5091,'Sesam',0.00,1),(432,82,5095,'Nori',0.00,1),(433,82,5097,'Erdnüsse',0.00,1),(434,83,4,'Wunsch Bowl mit Hähnchen',9.50,1),(435,83,5251,'Quinoa',0.00,1),(436,83,5257,'Edamame ',0.00,1),(437,83,5264,'Kirschtomaten',0.00,1),(438,83,5269,'Spinat',0.00,1),(439,83,5270,'Rote Bete',0.00,1),(440,83,5389,'Granatapfel',0.00,1),(441,83,5279,'Kürbiskerne',0.00,1),(442,83,5281,'Frühlingszwiebeln',0.00,1),(443,83,13,'Hähnchen',3.70,1),(444,84,7,'Wunsch Bowl mit Lachs',15.90,1),(445,84,5123,'Reis ',0.00,1),(446,84,5129,'Lanai ',0.00,1),(447,84,5132,'Gurke',0.00,1),(448,84,5133,'Avocado',0.00,1),(449,84,5137,'Süßkartoffel',0.00,1),(450,84,5140,'Mango',0.00,1),(451,84,5148,'Chili Mayo',0.00,1),(452,84,5159,'Cashewkerne',0.00,1),(453,84,5162,'Geröstete Rote Bete Chips',0.00,1),(454,84,5151,'Granatapfel',0.00,1),(455,84,175,'Mango-Dill',0.60,1),(456,85,7,'Wunsch Bowl mit Lachs',15.90,1),(457,85,5123,'Reis ',0.00,1),(458,85,5129,'Lanai ',0.00,1),(459,85,5133,'Avocado',0.00,1),(460,85,5140,'Mango',0.00,1),(461,85,5136,'süßes rotes Kimchi ',0.00,1),(462,85,5139,'Wakame Salat',0.00,1),(463,85,5148,'Chili Mayo',0.00,1),(464,85,5151,'Granatapfel',0.00,1),(465,85,5158,'Nori',0.00,1),(466,85,5159,'Cashewkerne',0.00,1),(467,85,4,'Wunsch Bowl mit Hähnchen',14.70,1),(468,85,5249,'Reis ',0.00,1),(469,85,5254,'Gozo',0.00,1),(470,85,5259,'Avocado',0.00,1),(471,85,5257,'Edamame ',0.00,1),(472,85,5263,'Süßkartoffel',0.00,1),(473,85,5266,'Mango',0.00,1),(474,85,5272,'Trüffel Fusion',0.00,1),(475,85,5277,'Granatapfel',0.00,1),(476,85,5281,'Frühlingszwiebeln',0.00,1),(477,85,5285,'Cashewkerne',0.00,1),(478,85,4,'Wunsch Bowl mit Hähnchen',14.70,1),(479,85,5249,'Reis ',0.00,1),(480,85,5255,'Lanai ',0.00,1),(481,85,5257,'Edamame ',0.00,1),(482,85,5261,'Karotte',0.00,1),(483,85,5266,'Mango',0.00,1),(484,85,5267,'Mango',0.00,1),(485,85,5276,'Soja-Sesam',0.00,1),(486,85,5277,'Granatapfel',0.00,1),(487,85,5285,'Cashewkerne',0.00,1),(488,85,5388,'Bananenchips',0.00,1),(489,86,1,'Thunfisch-Traum mit Reis',15.90,1),(490,87,6,'Wunsch Bowl mit Falafel',9.50,1),(491,87,5008,'Reis ',0.00,1),(492,87,5024,'Capri',0.00,1),(493,87,5041,'Rote Bete',0.00,1),(494,87,5040,'Spinat',0.00,1),(495,87,5038,'Mango',0.00,1),(496,87,5032,'Karotte',0.00,1),(497,87,5043,'Trüffel Fusion',0.00,1),(498,87,5048,'Granatapfel',0.00,1),(499,87,5050,'Kürbiskerne',0.00,1),(500,87,5059,'Geröstete Rote Bete Chips',0.00,1),(501,87,175,'Mango-Dill',0.60,1),(502,88,4,'Wunsch Bowl mit Hähnchen',9.50,1),(503,88,5250,'Couscous',0.00,1),(504,88,5255,'Lanai ',0.00,1),(505,88,5259,'Avocado',0.00,1),(506,88,5265,'Wakame Salat',0.00,1),(507,88,5257,'Edamame ',0.00,1),(508,88,5264,'Kirschtomaten',0.00,1),(509,88,5276,'Soja-Sesam',0.00,1),(510,88,5280,'Sesam',0.00,1),(511,88,5288,'Geröstete Rote Bete Chips',0.00,1),(512,88,5284,'Nori',0.00,1),(513,88,37,'Karotte',1.00,1),(514,88,29,'Teriyaki-Sauce',0.60,1),(515,89,7,'Wunsch Bowl mit Lachs',15.90,1),(516,89,5123,'Reis ',0.00,1),(517,89,5129,'Lanai ',0.00,1),(518,89,5132,'Gurke',0.00,1),(519,89,5133,'Avocado',0.00,1),(520,89,5137,'Süßkartoffel',0.00,1),(521,89,5140,'Mango',0.00,1),(522,89,5148,'Chili Mayo',0.00,1),(523,89,5151,'Granatapfel',0.00,1),(524,89,5162,'Geröstete Rote Bete Chips',0.00,1),(525,89,5159,'Cashewkerne',0.00,1),(526,90,1,'Thunfisch-Traum mit Reis',15.90,1),(527,91,68,'Falafel-Freude mit Quinoa',14.70,1),(528,91,67,'Lachs-Lust mit Quinoa',15.90,1),(529,92,33,'Wrap mit Falafel',9.70,1),(530,92,1,'Thunfisch-Traum mit Reis',15.90,1),(531,93,20,'Falafel-Freude mit Reis',9.50,1),(532,93,24,'Lachs-Lust mit Reis',9.90,1),(533,94,1,'Thunfisch-Traum mit Reis',15.90,1),(534,94,16,'Hähnchen-Harmonie mit Reis',14.70,1),(535,94,4,'Wunsch Bowl mit Hähnchen',9.50,1),(536,94,5252,'Zucchini-Nudeln',0.00,1),(537,94,5255,'Lanai ',0.00,1),(538,94,5261,'Karotte',0.00,1),(539,94,5258,'Gurke',0.00,1),(540,94,5257,'Edamame ',0.00,1),(541,94,5406,'Zuckermais',0.00,1),(542,94,5275,'Kimchi Sriracha',0.00,1),(543,94,5277,'Granatapfel',0.00,1),(544,94,5281,'Frühlingszwiebeln',0.00,1),(545,94,5279,'Kürbiskerne',0.00,1),(546,95,31,'Frühlingsrollen (12 Stück)',7.50,1),(547,95,16,'Hähnchen-Harmonie mit Reis',14.70,1),(548,95,69,'Hähnchen-Harmonie mit Quinoa',14.70,1),(549,95,4,'Wunsch Bowl mit Hähnchen',14.70,1),(550,95,5249,'Reis ',0.00,1),(551,95,5256,'Maui',0.00,1),(552,95,5257,'Edamame ',0.00,1),(553,95,5259,'Avocado',0.00,1),(554,95,5264,'Kirschtomaten',0.00,1),(555,95,5261,'Karotte',0.00,1),(556,95,5274,'Chili Mayo',0.00,1),(557,95,5277,'Granatapfel',0.00,1),(558,95,5281,'Frühlingszwiebeln',0.00,1),(559,95,5285,'Cashewkerne',0.00,1),(560,95,7,'Wunsch Bowl mit Lachs',15.90,1),(561,95,5123,'Reis ',0.00,1),(562,95,5129,'Lanai ',0.00,1),(563,95,5131,'Edamame ',0.00,1),(564,95,5133,'Avocado',0.00,1),(565,95,5140,'Mango',0.00,1),(566,95,5400,'Zuckermais',0.00,1),(567,95,5148,'Chili Mayo',0.00,1),(568,95,5151,'Granatapfel',0.00,1),(569,95,5154,'Sesam',0.00,1),(570,95,5160,'Erdnüsse',0.00,1),(571,96,9,'Wunsch Bowl mit Thunfisch ',9.90,1),(572,96,5188,'Quinoa',0.00,1),(573,96,5193,'Maui',0.00,2),(574,96,5194,'Edamame ',0.00,1),(575,96,5202,'Wakame Salat',0.00,1),(576,96,5203,'Mango',0.00,1),(577,96,5205,'Rote Zwiebeln',0.00,1),(578,96,5212,'Kimchi Sriracha',0.00,1),(579,96,5214,'Granatapfel',0.00,1),(580,96,5225,'Geröstete Rote Bete Chips',0.00,1),(581,96,5217,'Sesam',0.00,1),(582,97,1,'Thunfisch-Traum mit Reis',15.90,1),(583,98,16,'Hähnchen-Harmonie mit Reis',14.70,1),(584,98,68,'Falafel-Freude mit Quinoa',14.70,1),(607,101,25,'Tofu-Triumph mit Reis',14.70,1),(714,111,6,'Wunsch Bowl mit Falafel',14.70,1),(715,111,5008,'Reis ',0.00,1),(716,111,5024,'Capri',0.00,1),(717,111,5040,'Spinat',0.00,1),(718,111,5041,'Rote Bete',0.00,1),(719,111,5408,'Zuckermais',0.00,1),(720,111,5037,'Mango',0.00,1),(721,111,5043,'Trüffel Fusion',0.00,1),(722,111,5048,'Granatapfel',0.00,1),(723,111,5050,'Kürbiskerne',0.00,1),(724,111,5059,'Geröstete Rote Bete Chips',0.00,1),(725,111,175,'Mango-Dill',0.60,1),(726,112,24,'Lachs-Lust mit Reis',9.90,3),(727,112,5,'Wunsch Bowl mit Garnelen',9.90,1),(728,112,5312,'Reis',0.00,1),(729,112,5317,'Gozo',0.00,1),(730,112,5321,'Gurke',0.00,1),(731,112,5322,'Avocado',0.00,1),(732,112,5323,'Rettich eingelegt',0.00,1),(733,112,5324,'Karotte',0.00,1),(734,112,5334,'Teriyaki-Sauce',0.00,1),(735,112,5342,'Kürbiskerne',0.00,1),(736,112,5340,'Granatapfel',0.00,1),(737,112,5341,'Sonnenblumenkerne',0.00,1),(738,112,25,'Tofu-Triumph mit Reis',9.50,1),(739,112,20,'Falafel-Freude mit Reis',9.50,1),(740,112,5008,'Reis ',0.00,1),(741,112,5025,'Gozo',0.00,1),(742,112,5028,'Edamame ',0.00,1),(743,112,5029,'Gurke',0.00,1),(744,112,5030,'Avocado',0.00,1),(745,112,5032,'Karotte',0.00,1),(746,112,5044,'Mango-Dill',0.00,1),(747,112,5048,'Granatapfel',0.00,1),(748,112,5053,'Kokosraspeln',0.00,1),(749,112,5052,'Frühlingszwiebeln',0.00,1),(750,112,14,'Garnelen',3.70,1),(751,112,13,'Hähnchen',3.70,1),(752,112,12,'Thunfisch ',3.70,1),(753,112,45,'Spinat',1.00,1),(754,112,6,'Wunsch Bowl mit Falafel',9.50,1),(755,112,5008,'Reis ',0.00,1),(756,112,5025,'Gozo',0.00,1),(757,112,5031,'Rettich eingelegt',0.00,1),(758,112,5032,'Karotte',0.00,1),(759,112,5033,'Kimchi ',0.00,1),(760,112,5034,'Süßkartoffel',0.00,1),(761,112,5043,'Trüffel Fusion',0.00,1),(762,112,5048,'Granatapfel',0.00,1),(763,112,5051,'Sesam',0.00,1),(764,112,5052,'Frühlingszwiebeln',0.00,1),(765,112,14,'Garnelen',3.70,1),(766,112,20,'Falafel-Freude mit Reis',14.70,1),(767,112,9,'Wunsch Bowl mit Thunfisch ',9.90,1),(768,112,5188,'Quinoa',0.00,1),(769,112,5191,'Gozo',0.00,1),(770,112,5196,'Avocado',0.00,1),(771,112,5197,'Rettich eingelegt',0.00,1),(772,112,5198,'Karotte',0.00,1),(773,112,5199,'süßes rotes Kimchi',0.00,1),(774,112,5210,'Mango-Dill',0.00,1),(775,112,5218,'Frühlingszwiebeln',0.00,1),(776,112,5219,'Kokosraspeln',0.00,1),(777,112,5220,'Kokoschips',0.00,1),(778,112,33,'Edamame ',1.00,1),(779,112,34,'Gurke',1.00,1),(780,113,7,'Wunsch Bowl mit Lachs',15.90,1),(781,113,5125,'Quinoa',0.00,1),(782,113,5128,'Gozo',0.00,1),(783,113,5132,'Gurke',0.00,1),(784,113,5137,'Süßkartoffel',0.00,1),(785,113,5138,'Kirschtomaten',0.00,1),(786,113,5143,'Spinat',0.00,1),(787,113,5150,'Soja-Sesam',0.00,1),(788,113,5151,'Granatapfel',0.00,1),(789,113,5155,'Frühlingszwiebeln',0.00,1),(790,113,5159,'Cashewkerne',0.00,1),(791,114,24,'Lachs-Lust mit Reis',9.90,1),(792,114,20,'Falafel-Freude mit Reis',9.50,1),(793,115,25,'Tofu-Triumph mit Reis',14.70,1),(794,115,63,'Tofu-Triumph mit Quinoa',14.70,1),(795,116,9,'Wunsch Bowl mit Thunfisch ',15.90,1),(796,116,5186,'Reis ',0.00,1),(797,116,5193,'Maui',0.00,1),(798,116,5196,'Avocado',0.00,1),(799,116,5207,'Rote Bete',0.00,1),(800,116,5394,'Zuckermais',0.00,1),(801,116,5206,'Spinat',0.00,1),(802,116,5213,'Soja-Sesam',0.00,1),(803,116,5217,'Sesam',0.00,1),(804,116,5218,'Frühlingszwiebeln',0.00,1),(805,116,5222,'Cashewkerne',0.00,1),(806,116,37,'Karotte',1.00,1),(807,116,15,'Lachs',3.70,1),(808,117,15,'Falafel-Freude mit Quinoa',14.70,1),(809,118,1,'Wunsch Bowl mit Tofu',14.70,1),(810,118,5060,'Reis ',0.00,1),(811,118,5066,'Lanai ',0.00,2),(812,118,5068,'Edamame ',0.00,1),(813,118,5071,'Rettich eingelegt',0.00,1),(814,118,5070,'Avocado',0.00,1),(815,118,5075,'Kirschtomaten',0.00,1),(816,118,5085,'Chili Mayo',0.00,1),(817,118,5091,'Sesam',0.00,1),(818,118,5092,'Frühlingszwiebeln',0.00,1),(819,118,5099,'Geröstete Rote Bete Chips',0.00,1),(820,118,182,'Ingwer eingelegt',1.00,1),(821,119,7,'Wunsch Bowl mit Lachs',15.90,1),(822,119,5123,'Reis ',0.00,1),(823,119,5129,'Lanai ',0.00,1),(824,119,5131,'Edamame ',0.00,1),(825,119,5133,'Avocado',0.00,1),(826,119,5135,'Karotte',0.00,1),(827,119,5137,'Süßkartoffel',0.00,1),(828,119,5148,'Chili Mayo',0.00,1),(829,119,5151,'Granatapfel',0.00,1),(830,119,5159,'Cashewkerne',0.00,1),(831,119,5395,'Ingwer eingelegt',0.00,1),(832,119,45,'Spinat',1.00,1),(833,120,1,'Wunsch Bowl mit Tofu',14.70,1),(834,120,5060,'Reis ',0.00,1),(835,120,5066,'Lanai ',0.00,1),(836,120,5068,'Edamame ',0.00,1),(837,120,5071,'Rettich eingelegt',0.00,1),(838,120,5070,'Avocado',0.00,1),(839,120,5075,'Kirschtomaten',0.00,1),(840,120,5085,'Chili Mayo',0.00,1),(841,120,5092,'Frühlingszwiebeln',0.00,1),(842,120,5091,'Sesam',0.00,1),(843,120,5099,'Geröstete Rote Bete Chips',0.00,1),(844,120,182,'Ingwer eingelegt',1.00,1),(845,121,1,'Thunfisch-Traum mit Reis',9.90,1),(846,121,24,'Lachs-Lust mit Reis',9.90,1),(847,121,25,'Tofu-Triumph mit Reis',9.50,1),(848,122,5,'Lachs-Lust mit Quinoa',15.90,1),(849,122,6,'Wunsch Bowl mit Falafel',9.50,1),(850,122,5008,'Reis ',0.00,1),(851,122,5025,'Gozo',0.00,1),(852,122,5028,'Edamame ',0.00,1),(853,122,5037,'Mango',0.00,1),(854,122,5408,'Zuckermais',0.00,1),(855,122,5030,'Avocado',0.00,1),(856,122,5047,'Soja-Sesam',0.00,1),(857,122,5051,'Sesam',0.00,1),(858,122,5057,'Erdnüsse',0.00,1),(859,122,5059,'Geröstete Rote Bete Chips',0.00,1),(860,122,179,'süßer Kürbis',1.00,1),(861,122,46,'rote Bete',1.00,1),(862,123,7,'Wunsch Bowl mit Lachs',9.90,1),(863,123,5123,'Reis ',0.00,1),(864,123,5129,'Lanai ',0.00,1),(865,123,5131,'Edamame ',0.00,1),(866,123,5133,'Avocado',0.00,1),(867,123,5135,'Karotte',0.00,1),(868,123,5139,'Wakame Salat',0.00,1),(869,123,5145,'Teriyaki-Sauce',0.00,1),(870,123,5154,'Sesam',0.00,1),(871,123,5160,'Erdnüsse',0.00,1),(872,123,5395,'Ingwer eingelegt',0.00,1),(873,124,15,'Falafel-Freude mit Quinoa',9.50,1),(874,124,7,'Wunsch Bowl mit Lachs',9.90,1),(875,124,5123,'Reis ',0.00,1),(876,124,5129,'Lanai ',0.00,1),(877,124,5133,'Avocado',0.00,1),(878,124,5136,'süßes rotes Kimchi ',0.00,1),(879,124,5137,'Süßkartoffel',0.00,1),(880,124,5131,'Edamame ',0.00,1),(881,124,5146,'Ingwer-Sauce',0.00,1),(882,124,5151,'Granatapfel',0.00,1),(883,124,5395,'Ingwer eingelegt',0.00,1),(884,124,5154,'Sesam',0.00,1),(885,125,6,'Wunsch Bowl mit Falafel',9.50,1),(886,125,5009,'Couscous',0.00,1),(887,125,5026,'Lanai ',0.00,1),(888,125,5041,'Rote Bete',0.00,1),(889,125,5031,'Rettich eingelegt',0.00,1),(890,125,5036,'Wakame Salat',0.00,1),(891,125,5032,'Karotte',0.00,1),(892,125,5047,'Soja-Sesam',0.00,1),(893,125,5048,'Granatapfel',0.00,1),(894,125,5055,'Nori',0.00,1),(895,125,5059,'Geröstete Rote Bete Chips',0.00,1),(896,125,4,'Wunsch Bowl mit Hähnchen',9.50,1),(897,125,5249,'Reis ',0.00,1),(898,125,5255,'Lanai ',0.00,1),(899,125,5265,'Wakame Salat',0.00,1),(900,125,5263,'Süßkartoffel',0.00,1),(901,125,5392,'süßer Kürbis',0.00,1),(902,125,5259,'Avocado',0.00,1),(903,125,5276,'Soja-Sesam',0.00,1),(904,125,5288,'Geröstete Rote Bete Chips',0.00,1),(905,125,5277,'Granatapfel',0.00,1),(906,125,5281,'Frühlingszwiebeln',0.00,1),(907,126,20,'Falafel-Freude mit Reis',9.50,1),(908,127,32,'Green-Salat',9.70,1),(909,128,7,'Wunsch Bowl mit Lachs',15.90,1),(910,128,5123,'Reis ',0.00,1),(911,128,5130,'Maui',0.00,1),(912,128,5139,'Wakame Salat',0.00,1),(913,128,5143,'Spinat',0.00,1),(914,128,5133,'Avocado',0.00,1),(915,128,5136,'süßes rotes Kimchi ',0.00,1),(916,128,5132,'Gurke',0.00,1),(917,128,5148,'Chili Mayo',0.00,1),(918,128,5158,'Nori',0.00,1),(919,128,5395,'Ingwer eingelegt',0.00,1),(920,128,5155,'Frühlingszwiebeln',0.00,1),(921,128,15,'Lachs',3.70,1),(922,128,30,'Kimchi Sriracha',0.60,1),(923,128,167,'Nori',0.60,1),(924,128,19,'Garnelen-Genuss mit Quinoa',9.90,1),(925,129,6,'Wunsch Bowl mit Falafel',14.70,2),(926,129,5008,'Reis ',0.00,1),(927,129,5026,'Lanai ',0.00,1),(928,129,5028,'Edamame ',0.00,1),(929,129,5030,'Avocado',0.00,1),(930,129,5032,'Karotte',0.00,1),(931,129,5034,'Süßkartoffel',0.00,1),(932,129,5041,'Rote Bete',0.00,1),(933,129,5043,'Trüffel Fusion',0.00,1),(934,129,5056,'Cashewkerne',0.00,1),(935,129,5057,'Erdnüsse',0.00,1),(936,129,5051,'Sesam',0.00,1),(937,129,4,'Wunsch Bowl mit Hähnchen',14.70,1),(938,129,5249,'Reis ',0.00,1),(939,129,5255,'Lanai ',0.00,1),(940,129,5257,'Edamame ',0.00,1),(941,129,5259,'Avocado',0.00,1),(942,129,5263,'Süßkartoffel',0.00,1),(943,129,5268,'Rote Zwiebeln',0.00,1),(944,129,5270,'Rote Bete',0.00,1),(945,129,5272,'Trüffel Fusion',0.00,1),(946,129,5285,'Cashewkerne',0.00,1),(947,129,5286,'Erdnüsse',0.00,1),(948,129,5280,'Sesam',0.00,1),(949,130,2,'Hähnchen-Harmonie mit Reis',14.70,1),(950,131,24,'Lachs-Lust mit Reis',9.90,1),(951,132,4,'Wunsch Bowl mit Hähnchen',14.70,1),(952,132,5250,'Couscous',0.00,1),(953,132,5256,'Maui',0.00,1),(954,132,5257,'Edamame ',0.00,1),(955,132,5260,'Rettich eingelegt',0.00,1),(956,132,5263,'Süßkartoffel',0.00,1),(957,132,5266,'Mango',0.00,1),(958,132,5392,'süßer Kürbis',0.00,1),(959,132,5271,'Teriyaki-Sauce',0.00,1),(960,132,5277,'Granatapfel',0.00,1),(961,132,5285,'Cashewkerne',0.00,1),(962,132,5281,'Frühlingszwiebeln',0.00,1),(963,133,7,'Wunsch Bowl mit Lachs',9.90,1),(964,133,5125,'Quinoa',0.00,1),(965,133,5129,'Lanai ',0.00,1),(966,133,5131,'Edamame ',0.00,1),(967,133,5132,'Gurke',0.00,1),(968,133,5133,'Avocado',0.00,1),(969,133,5144,'Rote Bete',0.00,1),(970,133,5137,'Süßkartoffel',0.00,1),(971,133,5148,'Chili Mayo',0.00,1),(972,133,5151,'Granatapfel',0.00,1),(973,133,5159,'Cashewkerne',0.00,1),(974,133,5160,'Erdnüsse',0.00,1),(975,134,4,'Wunsch Bowl mit Hähnchen',9.50,1),(976,134,5251,'Quinoa',0.00,1),(977,134,5255,'Lanai ',0.00,1),(978,134,5257,'Edamame ',0.00,1),(979,134,5259,'Avocado',0.00,1),(980,134,5265,'Wakame Salat',0.00,1),(981,134,5263,'Süßkartoffel',0.00,1),(982,134,5269,'Spinat',0.00,1),(983,134,5276,'Soja-Sesam',0.00,1),(984,134,5281,'Frühlingszwiebeln',0.00,1),(985,134,5277,'Granatapfel',0.00,1),(986,134,5278,'Sonnenblumenkerne',0.00,1),(987,135,20,'Falafel-Freude mit Reis',14.70,1),(988,135,4,'Wunsch Bowl mit Hähnchen',14.70,1),(989,135,5249,'Reis ',0.00,1),(990,135,5254,'Gozo',0.00,1),(991,135,5257,'Edamame ',0.00,1),(992,135,5258,'Gurke',0.00,1),(993,135,5261,'Karotte',0.00,1),(994,135,5265,'Wakame Salat',0.00,1),(995,135,5267,'Mango',0.00,1),(996,135,5271,'Teriyaki-Sauce',0.00,1),(997,135,5277,'Granatapfel',0.00,1),(998,135,5280,'Sesam',0.00,1),(999,135,5285,'Cashewkerne',0.00,1),(1000,136,72,'Mittags Bowl mit Hähnchen ',9.70,1),(1001,137,73,'Mittags Bowl mit Tofu',9.70,1),(1002,138,1,'Wunsch Bowl mit Tofu',9.50,1),(1003,138,5062,'Quinoa',0.00,1),(1004,138,5066,'Lanai ',0.00,1),(1005,138,5070,'Avocado',0.00,1),(1006,138,5078,'Mango',0.00,1),(1007,138,5074,'Süßkartoffel',0.00,1),(1008,138,5069,'Gurke',0.00,1),(1009,138,5068,'Edamame ',0.00,1),(1010,138,5087,'Soja-Sesam',0.00,1),(1011,138,5088,'Granatapfel',0.00,1),(1012,138,5097,'Erdnüsse',0.00,1),(1013,138,5091,'Sesam',0.00,1),(1014,139,6,'Wunsch Bowl mit Falafel',9.50,1),(1015,139,5008,'Reis ',0.00,1),(1016,139,5026,'Lanai ',0.00,1),(1017,139,5028,'Edamame ',0.00,1),(1018,139,5030,'Avocado',0.00,1),(1019,139,5029,'Gurke',0.00,1),(1020,139,5032,'Karotte (frisch mariniert)',0.00,1),(1021,139,5408,'Zuckermais',0.00,1),(1022,139,5044,'Teriyaki-Sauce',0.00,1),(1023,139,5051,'Sesam',0.00,1),(1024,139,5050,'Kürbiskerne',0.00,1),(1025,139,5048,'Granatapfel',0.00,1),(1026,140,5312,'Reis',0.00,1),(1027,140,5,'Wunsch Bowl mit Garnelen',9.90,1),(1028,140,5312,'Reis',0.00,1),(1029,140,5317,'Gozo',0.00,1),(1030,140,5320,'Edamame ',0.00,1),(1031,140,5321,'Gurke',0.00,1),(1032,140,5324,'Karotte',0.00,1),(1033,140,5331,'rote Zwiebeln',0.00,1),(1034,140,5330,'Mango',0.00,1),(1035,140,5334,'Teriyaki-Sauce',0.00,1),(1036,140,5340,'Granatapfel',0.00,1),(1037,140,5343,'Sesam',0.00,1),(1038,140,5350,'schwarze Oliven',0.00,1),(1039,141,72,'Mittags Bowl mit Hähnchen ',6.90,1),(1040,142,7,'Wunsch Bowl mit Lachs',15.90,1),(1041,142,5125,'Quinoa',0.00,1),(1042,142,5129,'Lanai ',0.00,2),(1043,142,5132,'Gurke',0.00,1),(1044,142,5137,'Süßkartoffel',0.00,1),(1045,142,5143,'Spinat',0.00,1),(1046,142,5401,'süßer Kürbis',0.00,1),(1047,142,5144,'Rote Bete',0.00,1),(1048,142,5145,'Teriyaki-Sauce',0.00,1),(1049,142,5155,'Frühlingszwiebeln',0.00,1),(1050,142,5159,'Cashewkerne',0.00,1),(1051,142,5153,'Kürbiskerne',0.00,1),(1052,143,6,'Wunsch Bowl mit Falafel',9.50,1),(1053,143,5008,'Reis ',0.00,1),(1054,143,5026,'Lanai ',0.00,1),(1055,143,5028,'Edamame ',0.00,1),(1056,143,5030,'Avocado',0.00,1),(1057,143,5037,'Mango',0.00,1),(1058,143,5034,'Süßkartoffel',0.00,1),(1059,143,5040,'Spinat',0.00,1),(1060,143,5044,'Teriyaki-Sauce',0.00,1),(1061,143,5048,'Granatapfel',0.00,1),(1062,143,5056,'Cashewkerne',0.00,1),(1063,143,5059,'Geröstete Rote Bete Chips',0.00,1),(1064,144,24,'Lachs-Lust mit Reis',15.90,1),(1065,144,72,'Mittags Bowl mit Hähnchen ',9.70,1),(1066,145,4,'Wunsch Bowl mit Hähnchen',14.70,1),(1067,145,5249,'Reis ',0.00,1),(1068,145,5253,'Capri',0.00,1),(1069,145,5257,'Edamame ',0.00,1),(1070,145,5259,'Avocado',0.00,1),(1071,145,5263,'Süßkartoffel',0.00,1),(1072,145,5264,'Kirschtomaten',0.00,1),(1073,145,5269,'Spinat',0.00,1),(1074,145,5274,'Chili Mayo',0.00,1),(1075,145,5288,'Geröstete Rote Bete Chips',0.00,1),(1076,145,5283,'Kokoschips',0.00,1),(1077,145,5285,'Cashewkerne',0.00,1),(1078,145,5,'Wunsch Bowl mit Garnelen',15.90,1),(1079,145,5312,'Reis',0.00,1),(1080,145,5317,'Gozo',0.00,1),(1081,145,5320,'Edamame ',0.00,1),(1082,145,5322,'Avocado',0.00,1),(1083,145,5332,'Spinat',0.00,1),(1084,145,5331,'rote Zwiebeln',0.00,1),(1085,145,5327,'Kirschtomaten',0.00,1),(1086,145,5339,'Soja-Sesam',0.00,1),(1087,145,5348,'Cashewkerne',0.00,1),(1088,145,5344,'Frühlingszwiebeln',0.00,1),(1089,145,5340,'Granatapfel',0.00,1),(1090,146,4,'Wunsch Bowl mit Hähnchen',14.70,1),(1091,146,5249,'Reis ',0.00,1),(1092,146,5256,'Maui',0.00,2),(1093,146,5257,'Edamame ',0.00,1),(1094,146,5264,'Kirschtomaten',0.00,1),(1095,146,5266,'Mango',0.00,1),(1096,146,5406,'Zuckermais',0.00,1),(1097,146,5269,'Spinat',0.00,1),(1098,146,5274,'Chili Mayo',0.00,1),(1099,146,5286,'Erdnüsse',0.00,1),(1100,146,5280,'Sesam',0.00,1),(1101,146,5281,'Frühlingszwiebeln',0.00,1),(1102,146,6,'Wunsch Bowl mit Falafel',14.70,1),(1103,146,5009,'Couscous',0.00,1),(1104,146,5025,'Gozo',0.00,1),(1105,146,5028,'Edamame ',0.00,1),(1106,146,5030,'Avocado',0.00,1),(1107,146,5031,'Rettich (Takuwan)',0.00,1),(1108,146,5037,'Mango',0.00,1),(1109,146,5041,'Rote Bete',0.00,1),(1110,146,5045,'Chili Mayo',0.00,1),(1111,146,5048,'Granatapfel',0.00,1),(1112,146,5057,'Erdnüsse',0.00,1),(1113,146,5052,'Frühlingszwiebeln',0.00,1),(1114,147,69,'Hähnchen-Harmonie mit Quinoa',9.50,1),(1115,147,5,'Lachs-Lust mit Quinoa',15.90,1),(1116,148,4,'Wunsch Bowl mit Hähnchen',14.70,1),(1117,148,5250,'Couscous',0.00,1),(1118,148,5254,'Gozo',0.00,1),(1119,148,5257,'Edamame ',0.00,1),(1120,148,5258,'Gurke',0.00,1),(1121,148,5261,'Karotte',0.00,1),(1122,148,5264,'Kirschtomaten',0.00,1),(1123,148,5266,'Mango',0.00,1),(1124,148,5273,'Mango-Dill',0.00,1),(1125,148,5280,'Sesam',0.00,1),(1126,148,5281,'Frühlingszwiebeln',0.00,1),(1127,148,5285,'Cashewkerne',0.00,1),(1128,148,6,'Wunsch Bowl mit Falafel',14.70,1),(1129,148,5009,'Couscous',0.00,1),(1130,148,5025,'Gozo',0.00,1),(1131,148,5028,'Edamame ',0.00,1),(1132,148,5030,'Avocado',0.00,1),(1133,148,5031,'Rettich (Takuwan)',0.00,1),(1134,148,5041,'Rote Bete',0.00,1),(1135,148,5037,'Mango',0.00,1),(1136,148,5045,'Chili Mayo',0.00,1),(1137,148,5048,'Granatapfel',0.00,1),(1138,148,5057,'Erdnüsse',0.00,1),(1139,148,5052,'Frühlingszwiebeln',0.00,1),(1140,149,1,'Wunsch Bowl mit Tofu',14.70,1),(1141,149,5060,'Reis ',0.00,1),(1142,149,5066,'Lanai ',0.00,1),(1143,149,5068,'Edamame ',0.00,1),(1144,149,5069,'Gurke',0.00,1),(1145,149,5070,'Avocado',0.00,1),(1146,149,5407,'Zuckermais',0.00,1),(1147,149,5074,'Süßkartoffel',0.00,1),(1148,149,5087,'Soja-Sesam',0.00,1),(1149,149,5088,'Granatapfel',0.00,1),(1150,149,5090,'Kürbiskerne',0.00,1),(1151,149,5099,'Geröstete Rote Bete Chips',0.00,1),(1152,149,7,'Wunsch Bowl mit Lachs',15.90,1),(1153,149,5123,'Reis ',0.00,1),(1154,149,5129,'Lanai ',0.00,1),(1155,149,5131,'Edamame ',0.00,1),(1156,149,5132,'Gurke',0.00,1),(1157,149,5133,'Avocado',0.00,1),(1158,149,5139,'Wakame Salat',0.00,1),(1159,149,5140,'Mango',0.00,1),(1160,149,5150,'Soja-Sesam',0.00,1),(1161,149,5151,'Granatapfel',0.00,1),(1162,149,5158,'Nori',0.00,1),(1163,149,5398,'Granatapfel',0.00,1),(1164,150,1,'Thunfisch-Traum mit Reis',15.90,1),(1165,150,2,'Hähnchen-Harmonie mit Reis',14.70,1),(1166,151,20,'Falafel-Freude mit Reis',9.50,1),(1167,151,20,'Falafel-Freude mit Reis',14.70,1),(1168,151,2,'Hähnchen-Harmonie mit Reis',14.70,5),(1169,151,63,'Tofu-Triumph mit Quinoa',14.70,1),(1170,151,2,'Hähnchen-Harmonie mit Reis',9.50,5),(1171,151,6,'Wunsch Bowl mit Falafel',14.70,1),(1172,151,5008,'Reis ',0.00,1),(1173,151,5025,'Gozo',0.00,2),(1174,151,5030,'Avocado',0.00,1),(1175,151,5032,'Karotte (frisch mariniert)',0.00,1),(1176,151,5035,'Tomatenwürfel',0.00,1),(1177,151,5040,'Spinat',0.00,1),(1178,151,5034,'Süßkartoffel',0.00,1),(1179,151,5043,'Poke Pao Sauce',0.00,1),(1180,151,5048,'Granatapfel',0.00,1),(1181,151,5050,'Kürbiskerne',0.00,1),(1182,151,5052,'Frühlingszwiebeln',0.00,1),(1183,151,17,'Falafel',3.70,1),(1184,151,15,'Falafel-Freude mit Quinoa',14.70,1),(1185,151,1,'Wunsch Bowl mit Tofu',14.70,1),(1186,151,5060,'Reis ',0.00,1),(1187,151,5064,'Capri',0.00,1),(1188,151,5069,'Gurke',0.00,1),(1189,151,5075,'Kirschtomaten',0.00,1),(1190,151,5081,'Rote Bete',0.00,1),(1191,151,5080,'Spinat',0.00,1),(1192,151,5072,'Karotte',0.00,1),(1193,151,5083,'Trüffel Fusion',0.00,1),(1194,151,5096,'Cashewkerne',0.00,1),(1195,151,5098,'schwarze Oliven',0.00,1),(1196,151,5091,'Sesam',0.00,1),(1197,151,9,'Wunsch Bowl mit Thunfisch ',15.90,1),(1198,151,5186,'Reis ',0.00,1),(1199,151,5192,'Lanai ',0.00,1),(1200,151,5196,'Avocado',0.00,1),(1201,151,5204,'Mango',0.00,1),(1202,151,5205,'Rote Zwiebeln',0.00,1),(1203,151,5194,'Edamame ',0.00,1),(1204,151,5195,'Gurke',0.00,1),(1205,151,5209,'Trüffel Fusion',0.00,1),(1206,151,5222,'Cashewkerne',0.00,1),(1207,151,5214,'Granatapfel',0.00,1),(1208,151,5218,'Frühlingszwiebeln',0.00,1),(1209,151,12,'Thunfisch ',3.70,1),(1210,151,6,'Wunsch Bowl mit Falafel',9.50,1),(1211,151,5010,'Quinoa',0.00,1),(1212,151,5026,'Lanai ',0.00,1),(1213,151,5028,'Edamame ',0.00,1),(1214,151,5030,'Avocado',0.00,1),(1215,151,5032,'Karotte (frisch mariniert)',0.00,1),(1216,151,5040,'Spinat',0.00,1),(1217,151,5037,'Mango',0.00,1),(1218,151,5045,'Chili Mayo',0.00,1),(1219,151,5049,'Sonnenblumenkerne',0.00,1),(1220,151,5048,'Granatapfel',0.00,1),(1221,151,5051,'Sesam',0.00,1),(1222,151,17,'Falafel',3.70,1),(1223,152,2,'Hähnchen-Harmonie mit Reis',14.70,1),(1224,153,4,'Wunsch Bowl mit Hähnchen',9.50,1),(1225,153,5251,'Quinoa',0.00,1),(1226,153,5255,'Lanai ',0.00,1),(1227,153,5259,'Avocado',0.00,1),(1228,153,5265,'Wakame Salat',0.00,1),(1229,153,5257,'Edamame ',0.00,1),(1230,153,5269,'Spinat',0.00,1),(1231,153,5263,'Süßkartoffel',0.00,1),(1232,153,5276,'Soja-Sesam',0.00,1),(1233,153,5277,'Granatapfel',0.00,1),(1234,153,5281,'Frühlingszwiebeln',0.00,1),(1235,153,5284,'Nori',0.00,1),(1236,153,7,'Wunsch Bowl mit Lachs',9.90,1),(1237,153,5125,'Quinoa',0.00,1),(1238,153,5129,'Lanai ',0.00,1),(1239,153,5131,'Edamame ',0.00,1),(1240,153,5133,'Avocado',0.00,1),(1241,153,5134,'Rettich eingelegt',0.00,1),(1242,153,5139,'Wakame Salat',0.00,1),(1243,153,5141,'Mango',0.00,1),(1244,153,5150,'Soja-Sesam',0.00,1),(1245,153,5151,'Granatapfel',0.00,1),(1246,153,5159,'Cashewkerne',0.00,1),(1247,153,5395,'Ingwer eingelegt',0.00,1),(1248,153,1,'Wunsch Bowl mit Tofu',9.50,1),(1249,153,5062,'Quinoa',0.00,1),(1250,153,5066,'Lanai ',0.00,1),(1251,153,5071,'Rettich eingelegt',0.00,1),(1252,153,5076,'Wakame Salat',0.00,1),(1253,153,5081,'Rote Bete',0.00,1),(1254,153,5068,'Edamame ',0.00,1),(1255,153,5073,'süßes rotes Kimchi',0.00,1),(1256,153,5087,'Soja-Sesam',0.00,1),(1257,153,5095,'Nori',0.00,1),(1258,153,5088,'Granatapfel',0.00,1),(1259,153,5092,'Frühlingszwiebeln',0.00,1),(1260,154,71,'Vitamins Bowl',8.90,1),(1261,154,66,'Thunfisch-Traum mit Quinoa',15.90,1),(1262,155,72,'Mittags Bowl mit Hähnchen ',9.70,2),(1263,156,15,'Falafel-Freude mit Quinoa',14.70,1),(1264,156,71,'Vitamins Bowl',8.90,1),(1265,156,2,'Hähnchen-Harmonie mit Reis',14.70,1),(1266,157,72,'Mittags Bowl mit Hähnchen ',9.70,1),(1267,158,6,'Wunsch Bowl mit Falafel',14.70,1),(1268,158,5010,'Quinoa',0.00,1),(1269,158,5025,'Gozo',0.00,1),(1270,158,5028,'Edamame ',0.00,1),(1271,158,5029,'Gurke',0.00,1),(1272,158,5030,'Avocado',0.00,1),(1273,158,5033,'Haus-Kimchi (Top) ',0.00,1),(1274,158,5041,'Rote Bete',0.00,1),(1275,158,5045,'Chili Mayo',0.00,1),(1276,158,5048,'Granatapfel',0.00,1),(1277,158,5051,'Sesam',0.00,1),(1278,158,188,'Ingwer eingelegt',0.60,1),(1279,159,7,'Wunsch Bowl mit Lachs',15.90,1),(1280,159,5123,'Reis ',0.00,1),(1281,159,5129,'Lanai ',0.00,1),(1282,159,5133,'Avocado',0.00,1),(1283,159,5131,'Edamame ',0.00,1),(1284,159,5139,'Wakame Salat',0.00,1),(1285,159,5132,'Gurke',0.00,1),(1286,159,5141,'Mango',0.00,1),(1287,159,5148,'Chili Mayo',0.00,1),(1288,159,5151,'Granatapfel',0.00,1),(1289,159,5155,'Frühlingszwiebeln',0.00,1),(1290,159,5154,'Sesam',0.00,1),(1291,159,180,'Zuckermais',1.00,1),(1292,160,7,'Wunsch Bowl mit Lachs',9.90,1),(1293,160,5123,'Reis ',0.00,1),(1294,160,5129,'Lanai ',0.00,1),(1295,160,5133,'Avocado',0.00,1),(1296,160,5131,'Edamame ',0.00,1),(1297,160,5139,'Wakame Salat',0.00,1),(1298,160,5137,'Süßkartoffel',0.00,1),(1299,160,5144,'Rote Bete',0.00,1),(1300,160,5150,'Soja-Sesam',0.00,1),(1301,160,5151,'Granatapfel',0.00,1),(1302,160,5159,'Cashewkerne',0.00,1),(1303,160,5395,'Ingwer eingelegt',0.00,1),(1304,160,4,'Wunsch Bowl mit Hähnchen',9.50,1),(1305,160,5251,'Quinoa',0.00,1),(1306,160,5255,'Lanai ',0.00,1),(1307,160,5257,'Edamame ',0.00,1),(1308,160,5259,'Avocado',0.00,1),(1309,160,5265,'Wakame Salat',0.00,1),(1310,160,5269,'Spinat',0.00,1),(1311,160,5263,'Süßkartoffel',0.00,1),(1312,160,5276,'Soja-Sesam',0.00,1),(1313,160,5277,'Granatapfel',0.00,1),(1314,160,5281,'Frühlingszwiebeln',0.00,1),(1315,160,5284,'Nori',0.00,1),(1316,161,72,'Mittags Bowl mit Hähnchen ',9.70,1),(1317,162,9,'Wunsch Bowl mit Thunfisch ',15.90,1),(1318,162,5189,'Zucchini-Nudeln',0.00,1),(1319,162,5192,'Lanai ',0.00,1),(1320,162,5194,'Edamame ',0.00,1),(1321,162,5196,'Avocado',0.00,1),(1322,162,5203,'Mango',0.00,1),(1323,162,5205,'Rote Zwiebeln',0.00,1),(1324,162,5195,'Gurke',0.00,1),(1325,162,5209,'Trüffel Fusion',0.00,1),(1326,162,5222,'Cashewkerne',0.00,1),(1327,162,5217,'Sesam',0.00,1),(1328,162,5218,'Frühlingszwiebeln',0.00,1),(1329,162,9,'Wunsch Bowl mit Thunfisch ',15.90,1),(1330,162,5189,'Zucchini-Nudeln',0.00,1),(1331,162,5192,'Lanai ',0.00,1),(1332,162,5194,'Edamame ',0.00,1),(1333,162,5195,'Gurke',0.00,1),(1334,162,5196,'Avocado',0.00,1),(1335,162,5203,'Mango',0.00,1),(1336,162,5205,'Rote Zwiebeln',0.00,1),(1337,162,5209,'Trüffel Fusion',0.00,1),(1338,162,5217,'Sesam',0.00,1),(1339,162,5218,'Frühlingszwiebeln',0.00,1),(1340,162,5222,'Cashewkerne',0.00,1),(1341,163,71,'Vitamins Bowl',8.90,1),(1342,163,15,'Falafel-Freude mit Quinoa',9.50,1),(1343,164,7,'Wunsch Bowl mit Lachs',15.90,1),(1344,164,5123,'Reis ',0.00,1),(1345,164,5129,'Lanai ',0.00,1),(1346,164,5131,'Edamame ',0.00,1),(1347,164,5132,'Gurke',0.00,1),(1348,164,5133,'Avocado',0.00,1),(1349,164,5135,'Karotte',0.00,1),(1350,164,5139,'Wakame Salat',0.00,1),(1351,164,5145,'Teriyaki-Sauce',0.00,1),(1352,164,5151,'Granatapfel',0.00,1),(1353,164,5158,'Nori',0.00,1),(1354,164,5159,'Cashewkerne',0.00,1),(1355,165,4,'Wunsch Bowl mit Hähnchen',14.70,1),(1356,165,5250,'Couscous',0.00,1),(1357,165,5256,'Maui',0.00,1),(1358,165,5263,'Süßkartoffel',0.00,1),(1359,165,5257,'Edamame ',0.00,1),(1360,165,5259,'Avocado',0.00,1),(1361,165,5392,'süßer Kürbis',0.00,1),(1362,165,5260,'Rettich eingelegt',0.00,1),(1363,165,5274,'Chili Mayo',0.00,1),(1364,165,5277,'Granatapfel',0.00,1),(1365,165,5281,'Frühlingszwiebeln',0.00,1),(1366,165,5285,'Cashewkerne',0.00,1),(1367,166,1,'Wunsch Bowl mit Tofu',14.70,1),(1368,166,5060,'Reis ',0.00,1),(1369,166,5066,'Lanai ',0.00,1),(1370,166,5068,'Edamame ',0.00,1),(1371,166,5075,'Kirschtomaten',0.00,1),(1372,166,5076,'Wakame Salat',0.00,1),(1373,166,5077,'Mango',0.00,1),(1374,166,5079,'Rote Zwiebeln',0.00,1),(1375,166,5087,'Soja-Sesam',0.00,1),(1376,166,5088,'Granatapfel',0.00,1),(1377,166,5092,'Frühlingszwiebeln',0.00,1),(1378,166,5099,'Geröstete Rote Bete Chips',0.00,1),(1379,166,29,'Teriyaki-Sauce',0.60,1),(1380,167,1,'Wunsch Bowl mit Tofu',14.70,1),(1381,167,5060,'Reis ',0.00,1),(1382,167,5066,'Lanai ',0.00,1),(1383,167,5068,'Edamame ',0.00,1),(1384,167,5070,'Avocado',0.00,1),(1385,167,5073,'süßes rotes Kimchi',0.00,1),(1386,167,5074,'Süßkartoffel',0.00,1),(1387,167,5402,'süßer Kürbis',0.00,1),(1388,167,5087,'Soja-Sesam',0.00,1),(1389,167,5088,'Granatapfel',0.00,1),(1390,167,5096,'Cashewkerne',0.00,1),(1391,167,5099,'Geröstete Rote Bete Chips',0.00,1),(1392,168,7,'Wunsch Bowl mit Lachs',9.90,1),(1393,168,5123,'Reis ',0.00,1),(1394,168,5129,'Lanai ',0.00,1),(1395,168,5131,'Edamame ',0.00,1),(1396,168,5132,'Gurke',0.00,1),(1397,168,5135,'Karotte',0.00,1),(1398,168,5140,'Mango',0.00,1),(1399,168,5138,'Kirschtomaten',0.00,1),(1400,168,5148,'Chili Mayo',0.00,1),(1401,168,5152,'Sonnenblumenkerne',0.00,1),(1402,168,5154,'Sesam',0.00,1),(1403,168,5155,'Frühlingszwiebeln',0.00,1),(1404,168,66,'Thunfisch-Traum mit Quinoa',9.90,1),(1405,168,1,'Wunsch Bowl mit Tofu',9.50,1),(1406,168,5062,'Quinoa',0.00,1),(1407,168,5066,'Lanai ',0.00,1),(1408,168,5068,'Edamame ',0.00,1),(1409,168,5069,'Gurke',0.00,1),(1410,168,5070,'Avocado',0.00,1),(1411,168,5073,'süßes rotes Kimchi',0.00,1),(1412,168,5407,'Zuckermais',0.00,1),(1413,168,5087,'Soja-Sesam',0.00,1),(1414,168,5091,'Sesam',0.00,1),(1415,168,5092,'Frühlingszwiebeln',0.00,1),(1416,168,5097,'Erdnüsse',0.00,1),(1417,169,72,'Mittags Bowl mit Hähnchen ',9.70,1),(1418,170,7,'Wunsch Bowl mit Lachs',9.90,1),(1419,170,5123,'Reis ',0.00,1),(1420,170,5130,'Maui',0.00,1),(1421,170,5137,'Süßkartoffel',0.00,1),(1422,170,5141,'Mango',0.00,1),(1423,170,5144,'Rote Bete',0.00,1),(1424,170,5143,'Spinat',0.00,1),(1425,170,5401,'süßer Kürbis',0.00,1),(1426,170,5147,'Mango-Dill',0.00,1),(1427,170,5151,'Granatapfel',0.00,1),(1428,170,5154,'Sesam',0.00,1),(1429,170,5155,'Frühlingszwiebeln',0.00,1),(1430,171,4,'Wunsch Bowl mit Hähnchen',9.50,1),(1431,171,5249,'Reis ',0.00,1),(1432,171,5254,'Gozo',0.00,1),(1433,171,5392,'süßer Kürbis',0.00,1),(1434,171,5270,'Rote Bete',0.00,1),(1435,171,5269,'Spinat',0.00,1),(1436,171,5259,'Avocado',0.00,1),(1437,171,5266,'Mango',0.00,1),(1438,171,5272,'Trüffel Fusion',0.00,1),(1439,171,5277,'Granatapfel',0.00,1),(1440,171,5281,'Frühlingszwiebeln',0.00,1),(1441,171,5280,'Sesam',0.00,1),(1442,172,7,'Wunsch Bowl mit Lachs',15.90,1),(1443,172,5123,'Reis ',0.00,1),(1444,172,5129,'Lanai ',0.00,1),(1445,172,5131,'Edamame ',0.00,1),(1446,172,5133,'Avocado',0.00,1),(1447,172,5137,'Süßkartoffel',0.00,1),(1448,172,5140,'Mango',0.00,1),(1449,172,5142,'Rote Zwiebeln',0.00,1),(1450,172,5150,'Soja-Sesam',0.00,1),(1451,172,5155,'Frühlingszwiebeln',0.00,1),(1452,172,5159,'Cashewkerne',0.00,1),(1453,172,5395,'Ingwer eingelegt',0.00,1),(1454,173,1,'Wunsch Bowl mit Tofu',14.70,1),(1455,173,5062,'Quinoa',0.00,1),(1456,173,5067,'Maui',0.00,1),(1457,173,5402,'süßer Kürbis',0.00,1),(1458,173,5071,'Rettich eingelegt',0.00,1),(1459,173,5068,'Edamame ',0.00,1),(1460,173,5080,'Spinat',0.00,1),(1461,173,5070,'Avocado',0.00,1),(1462,173,5085,'Chili Mayo',0.00,1),(1463,173,5099,'Geröstete Rote Bete Chips',0.00,1),(1464,173,5096,'Cashewkerne',0.00,1),(1465,173,5088,'Granatapfel',0.00,1),(1466,173,4,'Wunsch Bowl mit Hähnchen',14.70,1),(1467,173,5251,'Quinoa',0.00,1),(1468,173,5254,'Gozo',0.00,1),(1469,173,5257,'Edamame ',0.00,1),(1470,173,5262,'süßes rotes Kimchi',0.00,1),(1471,173,5259,'Avocado',0.00,1),(1472,173,5264,'Kirschtomaten',0.00,1),(1473,173,5270,'Rote Bete',0.00,1),(1474,173,5274,'Chili Mayo',0.00,1),(1475,173,5277,'Granatapfel',0.00,1),(1476,173,5390,'Mandeln',0.00,1),(1477,173,5288,'Geröstete Rote Bete Chips',0.00,1),(1478,174,7,'Wunsch Bowl mit Lachs',15.90,1),(1479,174,5123,'Reis ',0.00,1),(1480,174,5128,'Gozo',0.00,1),(1481,174,5131,'Edamame ',0.00,1),(1482,174,5133,'Avocado',0.00,1),(1483,174,5142,'Rote Zwiebeln',0.00,1),(1484,174,5140,'Mango',0.00,1),(1485,174,5401,'süßer Kürbis',0.00,1),(1486,174,5146,'Ingwer-Sauce',0.00,1),(1487,174,5155,'Frühlingszwiebeln',0.00,1),(1488,174,5159,'Cashewkerne',0.00,1),(1489,174,5395,'Ingwer eingelegt',0.00,1),(1490,174,12,'Thunfisch ',3.70,1),(1491,175,4,'Wunsch Bowl mit Hähnchen',14.70,1),(1492,175,5249,'Reis ',0.00,1),(1493,175,5253,'Capri',0.00,1),(1494,175,5257,'Edamame ',0.00,1),(1495,175,5259,'Avocado',0.00,1),(1496,175,5263,'Süßkartoffel',0.00,1),(1497,175,5264,'Kirschtomaten',0.00,1),(1498,175,5258,'Gurke',0.00,1),(1499,175,5274,'Chili Mayo',0.00,1),(1500,175,5283,'Kokoschips',0.00,1),(1501,175,5285,'Cashewkerne',0.00,1),(1502,175,5288,'Geröstete Rote Bete Chips',0.00,1),(1503,176,2,'Hähnchen-Harmonie mit Reis',9.50,1),(1504,176,1,'Thunfisch-Traum mit Reis',15.90,1),(1505,176,1,'Thunfisch-Traum mit Reis',9.90,1),(1506,177,7,'Wunsch Bowl mit Lachs',9.90,1),(1507,177,5123,'Reis ',0.00,1),(1508,177,5129,'Lanai ',0.00,1),(1509,177,5131,'Edamame ',0.00,1),(1510,177,5132,'Gurke',0.00,1),(1511,177,5137,'Süßkartoffel',0.00,1),(1512,177,5136,'süßes rotes Kimchi ',0.00,1),(1513,177,5133,'Avocado',0.00,1),(1514,177,5145,'Teriyaki-Sauce',0.00,1),(1515,177,5154,'Sesam',0.00,1),(1516,177,5158,'Nori',0.00,1),(1517,177,5162,'Geröstete Rote Bete Chips',0.00,1),(1518,177,72,'Mittags Bowl mit Hähnchen ',9.70,1),(1519,178,72,'Mittags Bowl mit Hähnchen ',9.70,2);
/*!40000 ALTER TABLE `order_items` ENABLE KEYS */;
UNLOCK TABLES;

LOCK TABLES `orders` WRITE;
/*!40000 ALTER TABLE `orders` DISABLE KEYS */;
INSERT INTO `orders` VALUES (7,NULL,'Louisa Althans','01724265742','2025-03-20T11:55','',35.70,'2025-03-20 09:12:01'),(8,NULL,'Panzhar Liudmila','+49 160 95119080','2025-03-21T09:00','Ohne Zwiebeln ',19.40,'2025-03-21 08:00:42'),(9,NULL,'Florian','017686090329','2025-03-21T12:55','',9.50,'2025-03-21 11:45:49'),(10,NULL,'Thanh Quang Nguyen','015140397914','2025-03-22T18:07','',30.60,'2025-03-22 17:07:23'),(11,NULL,'Kkk','+4916095119080','2025-03-23T17:38','Ff',9.90,'2025-03-23 16:39:05'),(12,NULL,'Ole','+49 15785958477','2025-03-23T19:55','',9.50,'2025-03-23 18:27:10'),(13,NULL,'Рр','098 515 85 04 ','2025-03-24T14:04','Пп',9.70,'2025-03-24 13:05:01'),(14,NULL,'Пп','098 515 85 04 ','2025-03-24T14:44','',9.70,'2025-03-24 13:44:10'),(15,NULL,'Ее','095 625 78 35 ','2025-03-24T14:45','',9.70,'2025-03-24 13:45:14'),(16,NULL,'Оо','098 515 85 04 ','2025-03-24T14:57','',9.70,'2025-03-24 13:57:36'),(17,NULL,'Ее','098 515 85 04 ','2025-03-24T14:58','',9.70,'2025-03-24 13:58:26'),(18,NULL,'Ее','098 515 85 04 ','2025-03-24T14:59','',19.40,'2025-03-24 13:59:34'),(19,NULL,'Ее','098 515 85 04 ','2025-03-24T15:00','',9.70,'2025-03-24 14:00:27'),(20,NULL,'Kamanin','098 515 85 04 ','2025-03-25T13:55','Какая скидка',9.90,'2025-03-25 12:56:13'),(21,NULL,'Theresa Keller','017631030508','2025-03-25T19:30','Bitte die Lachs-Bowl ohne Oliven. ',30.60,'2025-03-25 18:03:39'),(22,NULL,'Christian Nolde','01622118423','2025-03-28T18:15','',54.80,'2025-03-28 16:21:22'),(23,NULL,'Michael Voss','01723472770','2025-04-01T13:20','',19.40,'2025-04-01 10:49:27'),(24,NULL,'Eva Mahler','15906415680','2025-04-02T12:15','Bitte kein Koriander (sofern welche r dran ist :))',9.90,'2025-04-02 08:03:58'),(25,NULL,'Mindaugas ','015788285993','2025-04-03T18:00','',29.40,'2025-04-03 15:34:21'),(27,NULL,'Hauke','015226398803','2025-04-08T19:40','',9.50,'2025-04-08 17:09:41'),(28,NULL,'Thorben Schwarze','01784608827','2025-04-12T18:00','',44.10,'2025-04-12 15:21:51'),(29,NULL,'Alex','01725742211','2025-04-14T20:10','Die Saucen bitte extra',29.40,'2025-04-14 18:04:36'),(30,NULL,'Jasmine','07773952640','2025-04-15T16:00','English speaker, please.  Thanks!',54.70,'2025-04-15 12:58:07'),(31,NULL,'Alexander Hohmann','015170114712','2025-04-17T11:30','',15.90,'2025-04-17 08:56:08'),(32,NULL,'Emre Sengül','01725413205','2025-04-20T18:50','',30.60,'2025-04-20 16:31:32'),(33,NULL,'Nele Störing','015223283803','2025-04-25T18:30','',35.20,'2025-04-25 14:51:52'),(34,NULL,'Emelie ','+49 151 70875120','2025-04-25T19:45','',30.60,'2025-04-25 17:06:22'),(35,NULL,'Sarah Ritter ','015789102053','2025-04-26T14:05','',9.50,'2025-04-26 11:45:51'),(36,NULL,'Berents','01633497380','2025-04-27T18:30','Bitte bei einer Bowl die Gurken weglassen und dafür von den anderen Zutaten etwas mehr. Vielen Dank! ',31.80,'2025-04-27 15:47:25'),(37,NULL,'Luna Schüphaus','0172 6530 252','2025-04-27T19:30','Viel Grüße :D',19.40,'2025-04-27 16:11:15'),(38,NULL,'Philipp Khan','016094808789','2025-04-30T18:45','',30.60,'2025-04-30 15:45:42'),(39,NULL,'Laura','01777841135','2025-05-01T17:50','',33.10,'2025-05-01 14:56:18'),(40,NULL,'Maike Burmester','015753022914','2025-05-03T15:55','',19.80,'2025-05-03 13:42:08'),(41,NULL,'Peter','01627770548','2025-05-03T19:45','',30.60,'2025-05-03 16:54:46'),(42,NULL,'Britta Meyer','015110068025','2025-05-04T11:45','',38.10,'2025-05-04 09:20:05'),(43,NULL,'Eva ','15906415680','2025-05-05T12:40','',15.90,'2025-05-05 07:41:24'),(45,NULL,'Maxim Neiser','015231972911','2025-05-11T18:00','',19.00,'2025-05-11 15:35:44'),(46,NULL,'Jasmin Birdöner','0176-54432074 ','2025-05-13T19:20','',47.80,'2025-05-13 11:06:14'),(47,'43333','Pereschuk3222',NULL,NULL,'',15.40,'2025-05-14 14:26:22'),(48,NULL,'Max Lüdemann ','015735227434','2025-05-16T19:15','',14.70,'2025-05-16 16:58:02'),(49,NULL,'Nadine Ahlers','017634734024','2025-05-16T19:40','',14.70,'2025-05-16 17:30:19'),(50,NULL,'Lena Struck','015750479115','2025-05-17T18:30','',9.90,'2025-05-17 14:56:24'),(51,NULL,'Dirk Hagener','0160 2165908','2025-05-18T14:15','',14.70,'2025-05-18 11:57:02'),(52,NULL,'Shivam Singh','74108199','2025-05-18T20:30','',5.50,'2025-05-18 15:42:27'),(53,NULL,'Michael Voß ','01723472770','2025-05-19T13:45','',19.80,'2025-05-19 11:34:12'),(54,NULL,'Weitz','015751352300','2025-05-21T20:15','',9.50,'2025-05-21 17:45:41'),(55,NULL,'Felix Klamt','017681677810','2025-05-22T19:15','',31.80,'2025-05-22 16:51:46'),(56,NULL,'Berents','01633497380','2025-05-23T18:30','Bitte bei der Tuna Bowl die Gurken weglassen und lieber ein paar Tomaten mehr. Danke.\r\n',30.60,'2025-05-23 15:53:38'),(57,NULL,'Mandy Zimmermann','015153252805','2025-05-23T19:15','',29.40,'2025-05-23 16:44:17'),(59,NULL,'Tom Malte Steckel','01792001301','2025-05-26T19:20','',19.00,'2025-05-26 17:07:14'),(60,NULL,'Jenny Lohner','01724143480','2025-05-28T16:45','',56.00,'2025-05-28 13:07:18'),(61,NULL,'Michael Voss','01723472770','2025-05-29T18:15','',9.70,'2025-05-29 16:03:02'),(62,NULL,'Svea Brand','01747622801','2025-06-01T17:05','',14.70,'2025-06-01 14:37:38'),(63,NULL,'Sarah Preisinger','017648367896','2025-06-01T18:40','',25.80,'2025-06-01 16:20:23'),(64,NULL,'Hillermann','015161607994','2025-06-02T16:50','',46.50,'2025-06-02 14:08:36'),(65,NULL,'Luka','015233861633','2025-06-07T16:08','',48.40,'2025-06-07 14:08:46'),(66,NULL,'Папа ','Ааа','2025-06-18T14:30','',21.00,'2025-06-18 12:30:39'),(67,NULL,'Louis','+49 151 23190175','2025-06-20T13:15','Sojasauce und Stäbchen bitte :)',27.40,'2025-06-20 10:23:50'),(68,NULL,'Laura Rogalski','01794362016','2025-06-20T12:45','',29.30,'2025-06-20 10:29:27'),(69,NULL,'Mosler','01735427153','2025-06-20T19:30','',15.90,'2025-06-20 17:13:45'),(70,NULL,'Mayka','01721890281','2025-06-27T13:00','Loop',31.80,'2025-06-27 11:00:35'),(71,NULL,'Vanessa ','015785670385','2025-06-29T15:55','',15.90,'2025-06-29 13:36:20'),(72,NULL,'Patrick','01774228901','2025-06-29T20:00','Danke:-)',20.40,'2025-06-29 17:05:07'),(73,NULL,'Lisa Wieck','017674797800','2025-06-30T20:24','',29.40,'2025-06-30 18:24:47'),(74,NULL,'Sophie Röll','015223075-57','2025-07-01T19:37','',25.40,'2025-07-01 17:38:00'),(75,NULL,'Jessica Schultz','017663267899','2025-07-02T19:15','',9.90,'2025-07-02 16:44:47'),(76,NULL,'RInken','015168133957','2025-07-04T18:00','',15.30,'2025-07-04 15:46:17'),(77,NULL,'Antonia Kruse ','015754839501','2025-07-05T18:00','',25.40,'2025-07-05 15:11:11'),(78,NULL,'Kari Gauger','61137200','2025-07-06T13:30','',54.80,'2025-07-06 11:11:49'),(79,NULL,'Kristin Kluge ','015122929957','2025-07-06T17:30','',14.70,'2025-07-06 15:03:47'),(80,NULL,'Carolin Barth','01721977173','2025-07-06T20:00','Bitte keine Erdnüsse, Allergie! Danke',37.90,'2025-07-06 17:18:04'),(81,NULL,'Nicole Vassen','01778939049','2025-07-06T20:00','',34.50,'2025-07-06 17:18:23'),(82,NULL,'Barbara Hoffmann','01794799128','2025-07-08T12:45','',9.50,'2025-07-08 10:33:20'),(83,NULL,'Sebastian Knobloch','015122675806','2025-07-09T17:45','',13.20,'2025-07-09 13:18:49'),(84,NULL,'Reuss Solveil','017674178680','2025-07-11T20:15','',16.50,'2025-07-11 17:30:21'),(85,NULL,'Micael Heyns','015252353622','2025-07-22T17:30','',45.30,'2025-07-22 15:15:28'),(86,NULL,'Dina','017630560733','2025-07-25T14:00','',15.90,'2025-07-25 11:37:49'),(87,NULL,'Pamela','015140448540','2025-07-30T13:45','',10.10,'2025-07-30 11:36:07'),(88,NULL,'Ilze Upmane','017676920207','2025-07-31T19:30','',11.10,'2025-07-31 16:36:15'),(89,NULL,'Reuss Solveil','017674178680','2025-08-01T19:00','',15.90,'2025-08-01 16:30:48'),(90,NULL,'Remco Berents ','01633497380','2025-08-07T19:45','Bitte ohne Gurken!!! Danke.',15.90,'2025-08-07 17:27:41'),(91,NULL,'Liska','017678858227','2025-08-08T20:45','',30.60,'2025-08-08 14:35:28'),(92,NULL,'Elsbeth Martens-Venema ','0031614470140','2025-08-11T19:30','Pokébowl without sauce please / pokébowl ohne sauce bitte',25.60,'2025-08-11 17:12:01'),(93,NULL,'Anja Bruckmann ','0172-4077787','2025-08-12T18:30','',19.40,'2025-08-12 16:00:23'),(94,NULL,'Vincent','01607608895','2025-08-12T20:00','',40.10,'2025-08-12 17:47:05'),(95,NULL,'Corvin','017655537337','2025-08-16T14:00','',67.50,'2025-08-16 11:29:40'),(96,NULL,'Jan Jäger','015772266555','2025-08-18T19:30','',9.90,'2025-08-18 17:26:17'),(97,NULL,'Berents','01633497380','2025-08-20T18:15','Bitte ohne Gurken!!! Danke!',15.90,'2025-08-20 15:40:42'),(98,NULL,'Daniel Paßon ','0163-6339995 ','2025-08-21T15:50','',29.40,'2025-08-21 13:21:16'),(101,NULL,'Timur Özcan','017623616972','2025-08-24T17:20','',14.70,'2025-08-24 14:59:40'),(111,NULL,'Pamela Nieber','015140448540','2025-09-03T12:20','',15.30,'2025-09-03 10:03:42'),(112,'5','Ппп',NULL,NULL,'Ее',110.50,'2025-09-03 17:44:01'),(113,NULL,'Annika Kurz ','015751573327 ','2025-09-03T20:50','',15.90,'2025-09-03 18:25:56'),(114,NULL,'Tina Klinkmüller','015254293976','2025-09-04T12:15','',19.40,'2025-09-04 09:04:49'),(115,NULL,'Evi','015773734063','2025-09-04T18:30','',29.40,'2025-09-04 16:11:48'),(116,NULL,'Fabian Schaefer','01774213790','2025-09-05T12:15','',20.60,'2025-09-05 10:12:06'),(117,NULL,'Kristin Kluge ','015122929957','2025-09-06T19:10','',14.70,'2025-09-06 16:35:56'),(118,NULL,'Thomas','01775893293','2025-09-10T19:20','',15.70,'2025-09-10 16:37:19'),(119,NULL,'David','01721056609','2025-09-14T14:30','',16.90,'2025-09-14 11:57:00'),(120,NULL,'Thomas','01775893293','2025-09-15T19:14','',15.70,'2025-09-15 16:31:47'),(121,NULL,'Maya Lucia Freiesleben','17623237433','2025-09-17T19:20','',29.30,'2025-09-17 17:10:02'),(122,NULL,'Joanna Schaub','+491624477667','2025-09-18T12:00','Danke! ',27.40,'2025-09-18 09:38:24'),(123,NULL,'Julia breyer','01723811279','2025-09-25T12:15','zusammen mit der gleich folgenden Bestellung für \"Hendrik Alsmeyer\"',9.90,'2025-09-25 08:33:55'),(124,NULL,'Hendrik Alsmeyer','01723811279','2025-09-25T12:15','Zusammen mit der Bestellung für Julia Breyer',19.40,'2025-09-25 08:36:22'),(125,NULL,'Tatjana Zittlau','0173 8843881','2025-09-25T12:36','Danke :)',19.00,'2025-09-25 09:47:26'),(126,NULL,'Georg','01747801951','2025-09-25T12:15','',9.50,'2025-09-25 09:50:38'),(127,NULL,'Christopher ','+49 172 4250259','2025-09-25T12:15','Ohne Tomaten bitte',9.70,'2025-09-25 09:50:45'),(128,NULL,'Konstantin Krüger ','016095441302','2025-09-26T19:45','',30.70,'2025-09-26 17:27:01'),(129,NULL,' Barusic ','017684849452','2025-09-29T15:10','',44.10,'2025-09-29 12:46:41'),(130,NULL,'Trost, ivonne','01601847573','2025-09-29T20:10','',14.70,'2025-09-29 17:55:32'),(131,NULL,'Annika Wiese','01633443825','2025-09-30T19:25','',9.90,'2025-09-30 17:09:51'),(132,NULL,'Gergin','01732625795','2025-09-30T20:00','',14.70,'2025-09-30 17:44:44'),(133,NULL,'Katrin Wolf','01606949234','2025-10-01T12:24','',9.90,'2025-10-01 09:22:03'),(134,NULL,'Lara Huntemüller','01709406379','2025-10-01T12:24','Dankeschön :)',9.50,'2025-10-01 09:22:07'),(135,NULL,'Marius Abraham','+491638783070','2025-10-02T19:30','',29.40,'2025-10-02 16:15:31'),(136,NULL,'Jochen Brecker','01724344285','2025-10-08T12:30','',9.70,'2025-10-08 09:29:41'),(137,NULL,'N','0','2025-10-08T12:10','',9.70,'2025-10-08 09:49:47'),(138,NULL,'Nina Marx','017634737894','2025-10-08T12:40','',9.50,'2025-10-08 10:24:27'),(139,NULL,'Jessica Czerwinski','015254671309','2025-10-08T12:40','',9.50,'2025-10-08 10:24:27'),(140,NULL,'Randi Meins ','01627661691','2025-10-08T12:40','',9.90,'2025-10-08 10:25:01'),(141,NULL,'Lars Schönert','01705475940','2025-10-08T12:45','',6.90,'2025-10-08 10:33:14'),(142,NULL,'Annika','015751573327','2025-10-08T20:45','',15.90,'2025-10-08 18:28:35'),(143,NULL,'Julia Wrschez','01732328432','2025-10-09T12:10','',9.50,'2025-10-09 08:18:51'),(144,NULL,'Kim Bockholdt ','015170127077','2025-10-09T13:00','',25.60,'2025-10-09 10:54:58'),(145,NULL,'Saemerow ','015172417231','2025-10-09T17:30','',30.60,'2025-10-09 14:09:57'),(146,NULL,'Eike Benett','016097706676','2025-10-09T17:30','Poke 30 ',29.40,'2025-10-09 14:22:37'),(147,NULL,'Thu','+4540147762','2025-10-09T19:05','',25.40,'2025-10-09 16:54:07'),(148,NULL,'Jan Erik Schieber','01749997545','2025-10-10T19:30','Poke30',29.40,'2025-10-10 16:24:18'),(149,NULL,'Max Lüdemann ','015735227434','2025-10-10T19:35','',30.60,'2025-10-10 17:25:05'),(150,NULL,'Bjarne Pieske','01602197998','2025-10-12T18:00','',30.60,'2025-10-12 15:29:34'),(151,'Alter Teichweg 49a, 22049 Hamburg','GPD- Nordost, zweiter Stock, Hartmut Janson',NULL,NULL,'ein Hähnchen-Harmonie mir Reis ohne Zwiebeln',240.50,'2025-10-14 09:03:09'),(152,NULL,'Svea','015228668470','2025-10-15T13:20','',14.70,'2025-10-15 10:49:37'),(153,NULL,'Tatjana Zittlau','01738843881','2025-10-16T12:36','',28.90,'2025-10-16 09:11:49'),(154,NULL,'Sylvia Krause','01749572652','2025-10-16T12:20','',24.80,'2025-10-16 09:25:11'),(155,NULL,'Tobias Bockholdt ','01622600888','2025-10-17T12:40','',19.40,'2025-10-17 10:29:05'),(156,NULL,'Nikolai','01732776720','2025-10-19T18:00','',38.30,'2025-10-19 14:29:28'),(157,NULL,'Jochen Brecker','01724344285','2025-10-21T12:30','',9.70,'2025-10-21 09:20:46'),(158,NULL,'Inken','015168133957','2025-10-23T16:40','',15.30,'2025-10-23 14:33:24'),(159,NULL,'Sophie Nouvertne','+4915226939527','2025-10-26T13:16','',16.90,'2025-10-26 12:16:47'),(160,NULL,'Nono','016099888989','2025-10-28T12:36','Wir freuen uns, bis später :)',19.40,'2025-10-28 10:30:56'),(161,NULL,'Jochen Brecker','01724344285','2025-10-29T12:15','',9.70,'2025-10-29 09:29:17'),(162,NULL,'Hartmut Janson ','015233879802','2025-10-29T15:30','Wir hatten vor 3 Wochen in den Alten Teichweg bestellt.\r\nDas war sehr lecker ',31.80,'2025-10-29 12:53:16'),(163,NULL,'Simone Schäfer','+49 176 20 17 06 73','2025-10-30T12:15','',18.40,'2025-10-30 09:33:23'),(164,NULL,'Jasmin Dalipovic','017648610300','2025-10-30T20:40','Soße separat bitte\r\n',15.90,'2025-10-30 19:21:51'),(165,NULL,'Gergin','01732625795','2025-10-31T19:05','',14.70,'2025-10-31 17:47:48'),(166,NULL,'Jana Doevenspeck','15786546289','2025-11-01T18:20','',15.30,'2025-11-01 16:49:31'),(167,NULL,'Luka Matzen ','015233861633','2025-11-02T15:49','',14.70,'2025-11-02 14:49:48'),(168,NULL,'Sarah Wehbe','015221452803','2025-11-02T20:05','',29.30,'2025-11-02 18:48:31'),(169,NULL,'Jochen Brecker','01724344285','2025-11-03T12:20','',9.70,'2025-11-03 10:35:22'),(170,NULL,'Alexandra','01723199903','2025-11-05T11:45','Den Lachs bitte durchbraten!',9.90,'2025-11-05 10:16:59'),(171,NULL,'Malte','01723199903','2025-11-05T11:45','',9.50,'2025-11-05 10:18:53'),(172,NULL,'Anna Baumgartner','+4917661821242','2025-11-05T20:00','',15.90,'2025-11-05 17:23:12'),(173,NULL,'Annika','01734183229','2025-11-05T19:45','',29.40,'2025-11-05 18:12:02'),(174,NULL,'Anna ','017661821242','2025-11-07T17:15','',19.60,'2025-11-07 15:37:08'),(175,NULL,'Felicitas ','015172417231','2025-11-07T19:45','',14.70,'2025-11-07 17:54:22'),(176,NULL,'Stefanie Marburg ','01781416692','2025-11-08T20:15','Thunfisch bowls mit gelber Soße\r\nHähnchen Harmonie ohne Mango und mit Cocktailsoße. \r\n',35.30,'2025-11-08 18:45:19'),(177,NULL,'Ardit Abazi','01724292098','2025-11-10T12:30','',19.60,'2025-11-10 10:49:48'),(178,NULL,'Tanja Bode','015153212121','2025-11-11T12:30','',19.40,'2025-11-11 11:04:37');
/*!40000 ALTER TABLE `orders` ENABLE KEYS */;
UNLOCK TABLES;

LOCK TABLES `slider` WRITE;
/*!40000 ALTER TABLE `slider` DISABLE KEYS */;
INSERT INTO `slider` VALUES (16,'99921102025095311.png','','Poke Bowls ab 9.50'),(26,'71725092025183155.jpg','','Poke Bowls ab 9.50');
/*!40000 ALTER TABLE `slider` ENABLE KEYS */;
UNLOCK TABLES;

LOCK TABLES `sub_category` WRITE;
/*!40000 ALTER TABLE `sub_category` DISABLE KEYS */;
INSERT INTO `sub_category` VALUES (25,'extraProtein','Poke Bowls',1),(26,'extra frische Zutaten','Poke Bowls',2),(28,'extra Sauce','Poke Bowls',4),(29,'extra Toppings','Poke Bowls',5),(31,'Wähle deine Basis','Poke Bowls',1),(32,'Wähle deine Marinade','Poke Bowls',2),(33,'Wähle 5 frische Zutaten','Poke Bowls',3),(34,'Wähle deine Souce','Poke Bowls',4),(35,'Wähle 3 Toppings','Poke Bowls',5);
/*!40000 ALTER TABLE `sub_category` ENABLE KEYS */;
UNLOCK TABLES;
/*!50112 SET @disable_bulk_load = IF (@is_rocksdb_supported, 'SET SESSION rocksdb_bulk_load = @old_rocksdb_bulk_load', 'SET @dummy_rocksdb_bulk_load = 0') */;
/*!50112 PREPARE s FROM @disable_bulk_load */;
/*!50112 EXECUTE s */;
/*!50112 DEALLOCATE PREPARE s */;
/*!40103 SET TIME_ZONE=@OLD_TIME_ZONE */;

/*!40101 SET SQL_MODE=@OLD_SQL_MODE */;
/*!40014 SET FOREIGN_KEY_CHECKS=@OLD_FOREIGN_KEY_CHECKS */;
/*!40014 SET UNIQUE_CHECKS=@OLD_UNIQUE_CHECKS */;
/*!40101 SET CHARACTER_SET_CLIENT=@OLD_CHARACTER_SET_CLIENT */;
/*!40101 SET CHARACTER_SET_RESULTS=@OLD_CHARACTER_SET_RESULTS */;
/*!40101 SET COLLATION_CONNECTION=@OLD_COLLATION_CONNECTION */;
/*!40111 SET SQL_NOTES=@OLD_SQL_NOTES */;


/*!40101 SET @OLD_CHARACTER_SET_CLIENT=@@CHARACTER_SET_CLIENT */;
/*!40101 SET @OLD_CHARACTER_SET_RESULTS=@@CHARACTER_SET_RESULTS */;
/*!40101 SET @OLD_COLLATION_CONNECTION=@@COLLATION_CONNECTION */;
/*!40101 SET NAMES utf8mb4 */;
/*!40103 SET @OLD_TIME_ZONE=@@TIME_ZONE */;
/*!40103 SET TIME_ZONE='+00:00' */;
/*!40014 SET @OLD_UNIQUE_CHECKS=@@UNIQUE_CHECKS, UNIQUE_CHECKS=0 */;
/*!40014 SET @OLD_FOREIGN_KEY_CHECKS=@@FOREIGN_KEY_CHECKS, FOREIGN_KEY_CHECKS=0 */;
/*!40101 SET @OLD_SQL_MODE=@@SQL_MODE, SQL_MODE='NO_AUTO_VALUE_ON_ZERO' */;
/*!40111 SET @OLD_SQL_NOTES=@@SQL_NOTES, SQL_NOTES=0 */;
/*!50717 SELECT COUNT(*) INTO @rocksdb_has_p_s_session_variables FROM INFORMATION_SCHEMA.TABLES WHERE TABLE_SCHEMA = 'performance_schema' AND TABLE_NAME = 'session_variables' */;
/*!50717 SET @rocksdb_get_is_supported = IF (@rocksdb_has_p_s_session_variables, 'SELECT COUNT(*) INTO @rocksdb_is_supported FROM performance_schema.session_variables WHERE VARIABLE_NAME=\'rocksdb_bulk_load\'', 'SELECT 0') */;
/*!50717 PREPARE s FROM @rocksdb_get_is_supported */;
/*!50717 EXECUTE s */;
/*!50717 DEALLOCATE PREPARE s */;
/*!50717 SET @rocksdb_enable_bulk_load = IF (@rocksdb_is_supported, 'SET SESSION rocksdb_bulk_load = 1', 'SET @rocksdb_dummy_bulk_load = 0') */;
/*!50717 PREPARE s FROM @rocksdb_enable_bulk_load */;
/*!50717 EXECUTE s */;
/*!50717 DEALLOCATE PREPARE s */;
/*!50112 SET @disable_bulk_load = IF (@is_rocksdb_supported, 'SET SESSION rocksdb_bulk_load = @old_rocksdb_bulk_load', 'SET @dummy_rocksdb_bulk_load = 0') */;
/*!50112 PREPARE s FROM @disable_bulk_load */;
/*!50112 EXECUTE s */;
/*!50112 DEALLOCATE PREPARE s */;
/*!40103 SET TIME_ZONE=@OLD_TIME_ZONE */;

/*!40101 SET SQL_MODE=@OLD_SQL_MODE */;
/*!40014 SET FOREIGN_KEY_CHECKS=@OLD_FOREIGN_KEY_CHECKS */;
/*!40014 SET UNIQUE_CHECKS=@OLD_UNIQUE_CHECKS */;
/*!40101 SET CHARACTER_SET_CLIENT=@OLD_CHARACTER_SET_CLIENT */;
/*!40101 SET CHARACTER_SET_RESULTS=@OLD_CHARACTER_SET_RESULTS */;
/*!40101 SET COLLATION_CONNECTION=@OLD_COLLATION_CONNECTION */;
/*!40111 SET SQL_NOTES=@OLD_SQL_NOTES */;


/*!40101 SET @OLD_CHARACTER_SET_CLIENT=@@CHARACTER_SET_CLIENT */;
/*!40101 SET @OLD_CHARACTER_SET_RESULTS=@@CHARACTER_SET_RESULTS */;
/*!40101 SET @OLD_COLLATION_CONNECTION=@@COLLATION_CONNECTION */;
/*!40101 SET NAMES utf8mb4 */;
/*!40103 SET @OLD_TIME_ZONE=@@TIME_ZONE */;
/*!40103 SET TIME_ZONE='+00:00' */;
/*!40014 SET @OLD_UNIQUE_CHECKS=@@UNIQUE_CHECKS, UNIQUE_CHECKS=0 */;
/*!40014 SET @OLD_FOREIGN_KEY_CHECKS=@@FOREIGN_KEY_CHECKS, FOREIGN_KEY_CHECKS=0 */;
/*!40101 SET @OLD_SQL_MODE=@@SQL_MODE, SQL_MODE='NO_AUTO_VALUE_ON_ZERO' */;
/*!40111 SET @OLD_SQL_NOTES=@@SQL_NOTES, SQL_NOTES=0 */;
/*!50717 SELECT COUNT(*) INTO @rocksdb_has_p_s_session_variables FROM INFORMATION_SCHEMA.TABLES WHERE TABLE_SCHEMA = 'performance_schema' AND TABLE_NAME = 'session_variables' */;
/*!50717 SET @rocksdb_get_is_supported = IF (@rocksdb_has_p_s_session_variables, 'SELECT COUNT(*) INTO @rocksdb_is_supported FROM performance_schema.session_variables WHERE VARIABLE_NAME=\'rocksdb_bulk_load\'', 'SELECT 0') */;
/*!50717 PREPARE s FROM @rocksdb_get_is_supported */;
/*!50717 EXECUTE s */;
/*!50717 DEALLOCATE PREPARE s */;
/*!50717 SET @rocksdb_enable_bulk_load = IF (@rocksdb_is_supported, 'SET SESSION rocksdb_bulk_load = 1', 'SET @rocksdb_dummy_bulk_load = 0') */;
/*!50717 PREPARE s FROM @rocksdb_enable_bulk_load */;
/*!50717 EXECUTE s */;
/*!50717 DEALLOCATE PREPARE s */;
/*!50112 SET @disable_bulk_load = IF (@is_rocksdb_supported, 'SET SESSION rocksdb_bulk_load = @old_rocksdb_bulk_load', 'SET @dummy_rocksdb_bulk_load = 0') */;
/*!50112 PREPARE s FROM @disable_bulk_load */;
/*!50112 EXECUTE s */;
/*!50112 DEALLOCATE PREPARE s */;
/*!40103 SET TIME_ZONE=@OLD_TIME_ZONE */;

/*!40101 SET SQL_MODE=@OLD_SQL_MODE */;
/*!40014 SET FOREIGN_KEY_CHECKS=@OLD_FOREIGN_KEY_CHECKS */;
/*!40014 SET UNIQUE_CHECKS=@OLD_UNIQUE_CHECKS */;
/*!40101 SET CHARACTER_SET_CLIENT=@OLD_CHARACTER_SET_CLIENT */;
/*!40101 SET CHARACTER_SET_RESULTS=@OLD_CHARACTER_SET_RESULTS */;
/*!40101 SET COLLATION_CONNECTION=@OLD_COLLATION_CONNECTION */;
/*!40111 SET SQL_NOTES=@OLD_SQL_NOTES */;

